Id,Price
5067,720282.3748321533
3722,848087.5387039185
6820,1756155.5808258057
3103,661762.5712585449
2820,833622.527633667
6369,1309536.7236328125
943,1528929.2469863892
4954,1851845.7406692505
6294,1225504.924697876
6372,625755.2846069336
6376,1994644.8316116333
999,1875855.9936447144
819,992441.8990783691
1053,925706.1489105225
1030,1221475.5170822144
4824,1888783.119606018
3612,1087832.821434021
6366,875139.0347061157
5117,1107778.5907058716
5039,688703.1566543579
334,1795678.5477218628
2945,841455.1327590942
298,982805.6665802002
472,1844661.0188446045
5788,871058.8571243286
4015,542298.6261901855
3639,852041.2020263672
785,1035387.3199920654
344,2075269.3917694092
6731,859995.08228302
4482,763342.2420730591
1415,1273625.1848526
1262,1115155.1204986572
5642,1221957.5319824219
449,555430.4390716553
5110,630069.291305542
3007,848496.6155471802
205,1050541.9744033813
1353,1684824.0160369873
4638,1102091.4630355835
4356,624921.7863388062
3734,585975.771232605
6630,806488.9543685913
578,792323.0415802002
1398,1285196.6718826294
1140,773434.0829162598
2006,1465757.1026000977
6687,1204079.7103042603
585,1647939.8493804932
1116,949252.3513793945
3356,1333459.5629196167
525,1393369.5770950317
5720,333490.52603149414
4938,647347.2033004761
5294,1030435.2396087646
4880,1414021.6521224976
3446,453603.7540512085
5772,962565.0960922241
4214,567193.8523483276
891,1518879.515296936
5523,308915.2902069092
4000,1512616.2658233643
6179,1136352.4455718994
3049,2222631.23361969
5400,912255.5243835449
2049,686996.1255645752
2629,584819.9299926758
6449,1118108.6556015015
2043,771238.5627059937
2553,460750.62255096436
5153,1275550.8962173462
4905,684192.5421981812
6326,500666.95554351807
4229,944046.1002731323
1136,1257657.6731948853
4981,300661.4497680664
1051,538688.8437194824
5742,1022890.5405349731
4863,1118069.6875686646
3640,2509000.190208435
3077,2035336.1066818237
1707,827870.1187438965
1661,574850.729019165
4697,821276.0462265015
161,3067042.088485718
1725,1294153.766342163
5862,842315.3529968262
6044,1986113.506767273
4463,888389.3717575073
3429,4330543.818664551
2242,835576.3280258179
6395,1186214.6236724854
691,1123941.175125122
5296,843821.0700073242
1420,898061.4536056519
4290,1804407.5985717773
6155,1165458.4714355469
6799,1089089.0543823242
465,1417790.7234725952
1122,881982.0422744751
2419,565761.1536941528
1231,667257.0286331177
4408,490041.437789917
527,1322995.3051452637
175,307529.38791656494
5871,543940.027053833
6351,1713639.1899642944
3550,442263.012298584
5626,864301.9000091553
4084,543280.3592529297
1307,1242052.0438079834
3659,1230041.5968399048
4711,616121.5446624756
1080,861945.7152786255
379,1923147.58228302
4975,412771.3566894531
6368,1168090.476097107
2148,528740.764213562
2444,919659.4598236084
5660,195965.49669647217
172,1296073.3492965698
6659,1093443.8358154297
1266,363605.62857055664
5676,713225.9128265381
6113,926799.7305526733
6762,765194.9962768555
3234,562125.3869628906
6540,1645419.0280075073
4265,41214.70677947998
5019,942583.226486206
3754,709888.5601272583
4920,1815509.088569641
5037,620239.1281204224
3772,621745.4411010742
2789,1193145.644065857
5648,256490.06394958496
4434,1025479.9780044556
2431,1355466.5792617798
558,658116.3090820312
2222,958970.5034561157
5877,1137926.943572998
3293,539203.9164962769
6108,794592.658821106
2611,1987886.996772766
2088,1636153.5730743408
5388,1841933.352027893
1159,741194.5736999512
5622,768823.0715713501
3821,808823.6048126221
2516,1300925.3150558472
5739,591655.1064987183
5506,2136369.302215576
6628,572153.5910263062
5883,2086702.7233200073
1727,1020473.3974151611
2375,364831.4022369385
1645,414097.8178253174
377,2133645.6411132812
5307,46273.0354385376
1600,903733.0640258789
6413,606074.6330718994
6204,1568674.3595199585
1713,1141941.8833084106
5629,399174.02754974365
2853,640566.0588760376
4159,593254.072593689
3184,446847.3774719238
3894,553611.7435455322
1649,562925.9658279419
2310,1067267.917930603
6717,1494280.4651870728
654,1408256.0967941284
6304,737344.1391143799
1926,734565.920211792
4509,1213593.3461761475
687,907776.3178787231
3464,524857.6985092163
4459,392416.3695449829
4180,455068.55086517334
4539,1303717.2605056763
3586,392400.9461212158
6436,1043622.7233123779
6648,1101371.535850525
2002,2563578.2539520264
833,962946.8617019653
369,4496886.031532288
548,549073.3789367676
2513,1104485.4353027344
2330,1113216.94581604
5878,1679825.3255386353
4371,986974.7035980225
5196,434462.24838256836
1539,1680586.277770996
1804,616400.9764785767
4732,423229.52725982666
5789,390159.78840637207
5300,1060307.1471710205
5478,1557770.565422058
5299,1736113.1882019043
111,674817.5634307861
3389,914061.3140945435
2108,1318277.4463272095
485,1000450.5058822632
5405,1054450.9090423584
4588,411400.95555114746
2666,1116727.973083496
4332,567701.3062667847
6165,702319.537689209
5305,492263.74000549316
1806,1099389.6694259644
2958,1731660.986328125
4383,734795.2281951904
348,1860716.6627426147
5212,1324062.3890075684
2050,448591.8235015869
665,2290569.0278930664
4029,1060709.9067306519
3665,1026838.6830596924
2322,667011.3192596436
5386,690319.5803909302
6321,999198.449798584
5515,1898072.907623291
1604,487547.75845336914
1854,1995323.728477478
1551,3072328.968635559
6655,732062.9834442139
6320,623752.3577957153
256,902576.5065841675
1279,840033.6159591675
3343,1544802.1492233276
4968,3076019.5053634644
352,1724988.163383484
1380,1605160.2862854004
250,503947.5586013794
6025,1126449.3420562744
1232,2235013.4470443726
137,1959007.377418518
563,679091.135093689
2289,1375454.6360321045
1316,1703113.536239624
2462,1233663.5846862793
5900,725437.1254119873
3319,644445.9186248779
1035,1108826.8825454712
2146,748084.127861023
3925,625190.1249008179
1678,634377.9975738525
160,987172.3449172974
2595,2696579.0589675903
4598,922770.4081954956
1317,1398814.3538131714
5658,1189337.6136627197
4896,2456436.103187561
4109,653528.566482544
6623,566154.8774337769
6212,899664.6418380737
719,1921927.2872161865
1715,705394.3945541382
3487,745654.1424407959
541,757260.2381286621
5563,2451264.5321731567
5723,1262941.3233718872
6444,1037215.5312576294
3119,1332662.7350997925
2801,835007.423904419
6809,474192.8626174927
3129,818446.310333252
2370,1075555.0866851807
2567,749322.8298492432
857,718551.2072753906
4577,446705.667427063
1409,3405949.222503662
1970,592960.4650268555
1184,1064605.5726013184
840,1283894.8220367432
2766,554911.3872146606
488,826097.4237136841
5913,1532012.1992797852
6795,1076787.8181610107
3876,1870342.4003982544
553,731723.7770843506
2164,1176431.371963501
6633,675575.8638534546
2086,701434.7146987915
2459,1140372.9549331665
6591,486857.4288864136
5383,796473.2378616333
1240,2178015.726287842
3743,1696210.4857559204
2197,168290.3857269287
947,1333258.1118011475
902,2550645.5504455566
4885,895684.7052307129
945,683915.1858444214
4453,1445976.0455093384
6379,3277619.432899475
898,1324879.8274993896
1908,1064615.2837219238
5494,584026.9795227051
689,982128.4296340942
1236,-1418939.7551269531
2203,1577854.691368103
1297,376926.26873779297
3143,486719.0831069946
3668,555754.4909362793
6345,1127517.374168396
685,1061469.1029052734
2011,2814389.927154541
3819,912386.8830108643
2780,620512.4147262573
2529,847689.3427505493
1597,725361.6048583984
3701,1462362.521057129
1873,1166731.1391448975
1562,2601219.7724990845
3771,2763002.1201782227
2305,496567.9980239868
663,3034390.080596924
4483,1205371.9089355469
2994,754062.5993728638
2980,600841.8434829712
6744,829137.6875305176
2362,693460.582244873
4552,1398919.1836242676
3116,735501.1202850342
1528,801360.4675521851
5572,1693491.752105713
5644,1314646.154624939
2190,185195.28365325928
4451,1015532.0170822144
6317,3355371.9530334473
568,1424544.5064086914
6164,1606350.974456787
1377,301831.1833190918
6747,1633609.661026001
2381,598776.8783340454
5414,551647.5932693481
3258,675482.3616790771
5503,1257639.7811050415
2076,524608.1913604736
690,905741.6209564209
4092,1661019.3542785645
5309,2103157.597557068
4255,4010500.936050415
2689,973637.7605514526
4630,518422.77770996094
6679,451314.3303833008
593,3131553.2419433594
1350,597457.5501098633
612,439305.4942703247
2408,1181099.4305801392
644,1918152.754486084
5216,393664.03800201416
5520,-418703.7026062012
725,1071731.3483963013
1966,537109.3709869385
1875,730828.3538665771
2784,332571.80114746094
927,1104493.7249069214
2632,605787.7848434448
5259,461048.58683013916
4678,968201.5746307373
2504,948483.1859817505
4978,3104680.352973938
5075,475939.7869567871
6405,1160854.8958740234
3927,593832.3830795288
460,881066.8967285156
5407,1589885.1922302246
1898,671769.9513015747
782,1165808.2158432007
2920,658479.9408340454
4852,2128550.382461548
6600,2530293.9628982544
5981,553310.7941665649
4072,1420023.858039856
3726,771566.137512207
4541,1472210.4479980469
5602,1062509.6253128052
4977,911513.7382354736
1135,978535.8638076782
5828,1604789.441078186
836,945920.2099609375
5584,567983.7441253662
694,1056615.588066101
739,1872668.5733337402
1219,2038575.8975830078
1024,1066353.7671813965
576,1430705.313331604
5293,704154.1339492798
4936,1096919.500793457
279,525838.6088562012
4844,442471.9472351074
6549,1601731.364517212
5228,1066857.5090179443
4166,822776.8320617676
269,924453.5397262573
4033,1300998.134109497
3866,1540597.4487228394
24,677786.3279571533
2757,975051.1929397583
5288,621680.6028060913
953,576595.1397628784
4296,1827077.3704681396
4017,765648.8538894653
2524,1459277.4879608154
5773,1075498.148979187
4521,1263276.8532104492
6324,800271.2160644531
1498,574563.5265579224
3660,1644437.1208724976
192,565527.5584106445
5174,827259.2542572021
4964,3958234.0953826904
6506,1203762.253982544
4877,376516.97312927246
4392,1416648.630142212
3921,508829.463973999
6551,535563.9074249268
4556,719183.8898773193
4990,276299.9379196167
4019,716037.3430786133
1270,618717.643447876
3671,1038870.4563446045
3935,751767.0173873901
4273,1327304.2723770142
1092,824009.6014022827
1042,757592.2219543457
2925,1664942.39868927
800,798678.2386856079
5719,663477.7803039551
3635,334240.6023712158
4306,768994.3693618774
3763,1696210.4857559204
6763,651182.3948059082
4051,1144546.0862426758
6012,428655.919921875
5451,826757.1113967896
2915,1035176.002822876
4769,1185604.9952545166
2199,183854.09881591797
3017,464965.23958587646
6279,843881.3254547119
2859,986452.6077423096
29,632754.194770813
6232,837254.8596725464
5975,535329.059211731
2079,3636571.23601532
4992,979809.0408859253
5229,1058517.969985962
1591,2688756.3292388916
1735,826768.1525115967
3048,1104659.1472244263
5261,933634.2214813232
3597,435907.57650756836
604,2430951.605484009
129,1733705.3652191162
3463,547245.7557373047
2428,661947.2641983032
2425,1623723.8248291016
662,706615.0471954346
100,431134.623878479
6422,1077477.4466934204
3035,1298951.9096603394
2112,1353759.8123779297
2808,389825.9583053589
4850,2593147.5502090454
5689,745030.446685791
2045,910259.4683456421
6710,1943477.371307373
584,2066204.2070770264
5410,383716.849899292
1224,1576513.8063278198
2827,757038.6060409546
6295,1444742.8405532837
6617,2050680.6674880981
11,988906.3281860352
6770,1009752.059753418
6640,824799.8586730957
1215,1458273.8651046753
8,1391140.131187439
4973,806472.1059265137
614,1505654.0096054077
929,1959677.900642395
1546,574826.8483352661
3830,268400.0486831665
5352,570519.7627105713
5002,543345.5170440674
5908,398324.09896850586
3588,895948.0997924805
341,2129854.5043182373
4503,1182147.0236740112
2299,1635907.9115982056
1275,517652.0732192993
842,1553652.5565185547
3159,534108.82447052
3647,443182.5204925537
2013,701216.7177429199
2767,439593.90378570557
3858,766659.7977676392
770,1720524.9531936646
3044,1629965.080482483
6560,635884.7540817261
3146,191640.56392669678
5865,1404609.3023147583
6243,787300.9965438843
6557,648349.6375350952
501,996171.4172363281
3026,1578018.0212402344
5576,1738205.2129211426
4038,592263.3487548828
3488,584191.8439865112
596,526157.0732269287
1565,1660710.956893921
1094,676460.1050262451
1787,3514236.2836608887
4949,1784141.839416504
3355,1110032.462059021
5874,567542.4755859375
4236,1034659.9810791016
4036,1429547.8558120728
2405,941949.4546966553
1592,1918398.9471435547
2243,364213.3227844238
4324,780268.7182540894
4155,1488698.598121643
1942,859493.7909240723
831,1483281.369934082
3187,706108.7461624146
5201,2161976.783859253
3481,973471.7184753418
2675,2090782.200515747
2930,1565683.301147461
3879,652235.9684677124
4278,701819.9960479736
4340,585511.8379898071
3891,965428.6291656494
2333,766680.751625061
4699,503513.57654571533
3243,457460.9537887573
6683,995825.4502182007
751,1346311.2421417236
88,1328132.1547851562
1301,478186.30978393555
3320,1744723.5637512207
3382,418130.43684387207
4972,1376844.2867736816
2964,1701951.1353378296
931,549385.5774383545
5825,16225.905143737793
6808,1182556.0808258057
5195,1570904.5455245972
3179,332035.20372772217
5881,713863.0645370483
6027,877479.6755371094
154,1219585.0125579834
3368,1031987.0299224854
4082,1305460.3264923096
2919,417518.675743103
2570,688416.9041137695
761,596509.1153717041
1526,592569.961982727
2823,395575.1993942261
2451,1031080.8416976929
4689,771182.621421814
3852,308259.79271698
420,739215.3293228149
3346,598726.2656478882
3379,728139.8841094971
1124,935345.9431228638
67,2554420.743713379
5438,651521.7170944214
4466,890308.6148071289
4387,1178169.650794983
2743,525661.3726806641
3037,2133499.315574646
1913,975241.4914398193
1306,443013.1177062988
5944,423451.1829147339
415,615934.2393112183
1182,998627.9408340454
5706,792825.7130584717
2340,861239.7053070068
1497,481672.8150024414
6707,1425436.9763946533
4199,543428.2862701416
4989,1724295.0851593018
258,597731.1761169434
4420,977184.1305770874
6048,1310077.6608963013
5485,914994.9703140259
5275,1012136.2857589722
2027,2848219.3073349
2230,1816167.0688476562
3654,994601.6912765503
1932,886565.7668380737
248,539670.7252502441
4323,432391.07830810547
4665,370327.1644668579
5976,606164.938583374
5136,721492.0859985352
6115,1071554.0367355347
2777,772054.3338851929
5762,729824.151298523
6208,2405334.550239563
5610,2637794.266479492
5204,1799737.1221466064
5616,724277.0637741089
2306,619449.5069351196
6598,744087.844909668
6370,985623.9615249634
5394,574057.7174453735
3559,631078.1794662476
221,1569402.2035827637
2025,537318.0303115845
96,673033.0297164917
3002,1013525.0105514526
4979,896228.2146682739
1269,1277567.987586975
1512,889630.2993850708
287,1644685.1641311646
549,670622.958366394
1672,615432.5511627197
3288,641997.6238861084
1686,2123108.667602539
5599,1267444.6769866943
6174,584161.2121200562
1277,752220.8435974121
4362,906970.8536758423
5978,1269686.1583251953
2373,930629.8355102539
3504,628386.5065765381
2894,747368.823890686
6400,783398.1217651367
6010,657901.3276519775
3810,393273.55882263184
4847,883014.1153564453
6682,920431.1570053101
4995,1203030.1957931519
4860,550871.3111419678
5936,1069642.2527313232
1598,591895.6338348389
5620,304860.72703552246
5784,929315.5611953735
4113,1936364.4982070923
3757,2195543.935531616
3474,782875.470375061
4455,639139.0148773193
535,1676634.9531936646
5848,669477.6792831421
1045,1051349.7560043335
6642,1664708.6722259521
6783,1012745.2862091064
3857,1949307.3835220337
2017,1676293.627029419
5042,761916.894744873
631,1547803.0195846558
3953,912012.3519287109
3802,727705.8517074585
4572,1675509.691558838
6458,2407989.5639038086
3908,307878.64852142334
2290,1367860.1827850342
3733,760117.7982025146
4423,666152.1679840088
854,469273.9728317261
1134,852127.4635391235
4649,872446.6877746582
4003,1146581.4945526123
2668,712637.7797470093
3663,963050.9799499512
1770,852431.3065872192
4523,821137.9679489136
4197,715509.8874130249
6822,774538.820640564
5566,1874844.6634902954
2070,2234614.554710388
5051,1327037.0443878174
4657,1000189.08644104
2690,1169499.7611541748
2354,1264835.6225585938
6826,632436.2611465454
6233,1469825.235343933
1705,1324895.6481246948
5985,342894.98654937744
6290,925403.3829193115
1121,777413.263885498
6631,758490.2672576904
3585,1073676.1303482056
3706,628413.1572875977
5666,2482477.3726348877
5038,1138246.4707870483
1808,997990.1243972778
5278,462615.8168563843
4490,1357841.4420928955
3369,1156760.6478805542
5404,1039358.6027297974
3009,945288.3561477661
4001,368934.8865966797
2116,571660.1513366699
6147,904890.5773010254
1481,977900.4171218872
781,568064.4542922974
3170,638803.8208770752
3940,462554.9295425415
930,1077746.9786605835
3687,1006474.1245498657
6420,1287426.2924499512
156,1620685.2908248901
2366,760909.0569000244
1139,1366651.9837722778
4524,1146819.6663665771
3978,1804270.7246780396
1792,624921.8381729126
1447,1570178.2855453491
5113,1943006.7875442505
1631,612419.8192901611
2120,555290.6145095825
178,1114818.544013977
15,1208086.7294464111
1110,568489.1066131592
5971,950558.3073348999
6278,366779.3068161011
6334,477574.16150665283
4314,617397.4852600098
476,1565420.0311660767
763,907891.027633667
6798,761894.6164321899
4027,1778721.622543335
2657,1577328.2284317017
899,2105687.1335372925
4442,592003.1895599365
2150,1537992.4299926758
975,656574.9836273193
1180,668510.2394790649
6387,961286.4879684448
2916,732476.5135726929
686,1019707.1188964844
3221,1686356.6128616333
925,651439.6753997803
5168,420790.8330154419
1371,1423960.8620529175
4865,533265.8390731812
4777,582664.4623794556
2626,1507992.840812683
608,812127.5061798096
5639,1526865.8847808838
2735,776937.7174301147
5011,2797897.8498687744
3437,1010234.5752792358
5031,745135.3415679932
4691,1201735.1004638672
4626,849366.7130737305
6388,1564627.701248169
3242,589344.3267364502
6072,894552.3895492554
3250,655456.6885070801
3728,747878.9077835083
2700,835518.083442688
388,1522599.5706100464
105,425058.08587646484
2286,1427255.3335037231
109,778539.4570236206
3273,703229.6464614868
6440,921721.5602416992
3991,736390.1312026978
4974,517176.6630554199
2702,1362856.834991455
2619,1931127.3079452515
1617,524836.1159439087
5597,629207.6972885132
3227,705062.7356491089
5139,1008484.4174041748
5364,760565.6589202881
5103,755899.0173950195
3448,1867387.7380447388
2023,2196381.696685791
3122,608557.079750061
711,630129.763923645
2411,635361.7754592896
493,1389840.3292541504
2122,431389.78538513184
83,1916036.601852417
6722,1061012.24294281
4186,273851.6381378174
80,452824.7852706909
3766,707825.3607025146
4807,765396.699508667
3724,595157.1918792725
2012,2341389.4534454346
571,978564.3884124756
5439,1327775.8101959229
5691,327989.2192077637
2874,430486.8793334961
511,877878.7410049438
5112,1032807.8809127808
6493,1740280.3923950195
2616,1092733.3170700073
3074,446972.752243042
2519,921423.0715866089
3811,457103.08724212646
1008,2103988.428627014
6691,673846.7460250854
5220,755065.1081466675
5631,1452609.276725769
4922,1249874.0455169678
6535,772841.3744049072
6485,2511602.1965560913
5918,686214.704864502
741,1119898.2771377563
2671,1419707.6720733643
5827,526121.7252349854
1005,1313305.708366394
1168,1305243.320022583
2738,1113055.312866211
1086,948239.4323501587
4158,686218.2663574219
3067,798217.2113418579
3769,2213541.3014526367
293,5465608.682151794
3582,1133149.6433410645
5768,983886.4451065063
1535,2228759.1763305664
2344,792308.0619049072
4702,2309888.1243667603
247,2133178.903038025
2577,759038.8336791992
5715,468975.85356903076
6605,1199712.4248657227
1214,1170595.6617279053
6450,1047376.1686401367
3404,1924551.131324768
4200,697258.255783081
622,1793259.9794387817
1731,2147201.3578033447
6804,843642.6116409302
2699,1030559.6276168823
3408,379189.1928024292
2857,922314.1706695557
856,2013412.4134979248
6685,2617814.267478943
6728,1312864.867652893
6059,863417.8156051636
847,708592.3815536499
6081,531867.0397720337
4081,944351.3996047974
3309,1160293.3619384766
2943,950419.870048523
3696,622085.8519744873
863,914278.2642288208
5922,1256247.0492095947
3958,2024781.1343688965
6438,2040546.7273254395
6029,200422.339302063
5385,623692.6403427124
3395,986540.5722198486
3966,950097.8161239624
994,344254.724029541
5920,1524053.7263946533
2365,1027276.5425643921
4825,1465773.9590454102
1313,1022666.9295043945
2775,528076.0303039551
4839,894987.6153411865
4380,530890.0867080688
2737,1000909.7325668335
5509,383823.96018218994
5815,1177847.2919387817
3345,1788382.5479507446
398,1305470.7326202393
4617,964732.9878845215
4117,794789.1628646851
1851,1000475.351890564
3627,442922.053314209
2975,1388998.4941177368
5603,1364085.9486236572
877,1408603.674041748
1560,1557904.5950775146
3283,729610.1091079712
6105,299650.51722717285
5917,377118.81157684326
446,1326412.0155258179
1505,1354017.9274215698
3232,604991.934387207
5593,433855.2051010132
693,542505.5914916992
3036,1860564.326889038
2,1044318.8956680298
2115,680262.2995452881
2829,923809.738861084
6482,630847.0296096802
2213,1800515.936088562
3297,564632.6424407959
69,1225840.6804656982
6510,925261.1050033569
981,1719256.7419128418
3779,695157.4841918945
623,2008245.8608703613
6175,704266.7164611816
6520,444140.1078262329
359,1928828.9764633179
1362,1367609.7788162231
2866,1145913.4873199463
1885,748260.373046875
4476,689420.2791748047
5687,729156.7770233154
1070,1185908.1359939575
989,747209.8257980347
395,2073436.753982544
2656,1285427.1991271973
4187,1053072.2165222168
4596,5259048.833831787
6129,792216.3260498047
6319,1267079.644104004
6455,951907.9284210205
6639,1835698.1523895264
6193,306882.2286224365
748,380985.5937652588
6664,1087964.0162582397
5012,1149428.8578033447
5864,1361473.2016067505
255,1722928.0713043213
4069,1379833.4962387085
5349,1117062.616783142
4570,693068.4027252197
3108,719724.9762649536
5066,1997371.7125701904
1517,804003.3627853394
6097,678059.6341400146
6019,735700.6623840332
85,962177.3594284058
6746,2085927.291015625
1120,895804.6400985718
3661,1415424.309173584
5800,852282.1149368286
2087,2152650.263168335
5013,529937.5915679932
5428,846001.9257125854
4888,1606205.4508209229
6082,-282644.1620941162
6695,1564687.7964172363
500,1307550.2491989136
6331,1289621.781112671
4736,841641.3695983887
2858,877810.0715942383
3375,1077005.8295516968
4478,674655.1443328857
1457,1094708.6655654907
1900,873176.0561447144
1714,2079902.5034179688
282,565545.8601608276
1265,548208.2353744507
2819,667127.8323669434
6561,553044.2896652222
2887,522995.80138397217
1641,431299.0585784912
4543,605869.3132095337
5025,795273.2792282104
1130,900579.631439209
5749,961832.4995956421
2171,372152.26041412354
712,1053836.8379211426
6578,1000707.5485229492
4845,898147.9264144897
682,540780.4285202026
4675,1731159.4151687622
1943,855338.2797775269
845,875768.8469696045
4514,1710472.3899383545
3873,1911808.4490585327
2935,1804283.9894180298
6786,1435407.048751831
5714,1400393.5142440796
375,655275.8623123169
3730,703869.8053131104
2218,1814991.350479126
2480,1056946.2247543335
5107,605854.9960327148
2591,1247344.8462219238
2961,1417232.506111145
4272,653044.470199585
1113,710147.0569000244
2028,1656386.214630127
2311,1165817.3022766113
6734,1469246.2721557617
3742,789835.0623550415
6236,1889647.294166565
6584,828841.9762649536
3136,1427552.2028808594
2060,-1176004.1771392822
1429,1146577.9714736938
702,1211059.7034835815
3145,585740.4936752319
3804,1830672.8206481934
934,1086469.8060913086
170,989608.9998168945
1501,1007518.3958358765
3413,982074.1371307373
3548,1572178.1508102417
1052,573586.2328643799
2452,884842.1395950317
6347,1646708.909072876
5604,625932.3392333984
4299,1231535.3401565552
5488,851734.7774124146
1201,662278.1297149658
5562,2104807.5376815796
3669,648415.5804519653
3768,1839231.1641082764
6673,973290.8333892822
1427,527880.0204238892
6231,1928170.2696533203
2142,762482.8141937256
6475,1456104.896057129
1309,839547.7595825195
4611,670628.0964126587
5857,780629.717414856
134,1236395.7987060547
1442,1648236.6057662964
2944,1461654.38571167
1853,2016875.503479004
3992,1452928.3533325195
1912,1118033.84059906
2211,2150172.094520569
2705,971585.4349212646
3747,2402116.669395447
1826,1215274.4800720215
3562,1029929.1329193115
1194,636170.1958312988
6635,737547.9852600098
542,1214122.355644226
5252,825193.9804000854
2576,814458.7039794922
459,1052509.0088119507
4054,1659459.9646148682
939,1928130.7419433594
909,1970884.7418823242
4111,1511202.6210327148
6187,394733.77518463135
6197,884656.1635360718
2756,392769.34715270996
1302,548506.8813247681
2232,1042689.6407318115
2421,382812.38010406494
2791,540494.7929840088
5879,622518.5787277222
6774,693445.4148330688
4106,888067.053855896
3699,574428.1214294434
4170,462643.7992553711
2201,603215.1659851074
2368,540370.9197387695
481,1212940.0923995972
4574,2046017.0362319946
3691,644211.3046798706
3890,710524.9422149658
6582,1083007.6759872437
1537,690817.874206543
5888,578255.4078521729
804,1134092.5732192993
5729,1131682.2092666626
4286,1023964.4494094849
3160,304055.1350479126
380,1576628.181098938
892,594201.8580474854
6606,1280921.3076553345
5601,668537.6803359985
304,1940492.2654953003
3295,435827.9020996094
4417,1020892.1915893555
4679,454682.3085708618
6705,1153476.486152649
5884,2573995.63230896
3740,1273619.584487915
5911,959897.1544494629
5411,489696.96490478516
1666,874518.0506591797
408,2033359.0757904053
6305,627390.5401306152
2103,2396159.791290283
6213,734583.6692047119
6061,507215.3875198364
4160,1008733.7818984985
4289,467961.5727996826
3241,584769.1531600952
515,1049070.6540603638
6700,1430305.9327163696
1643,704589.6226882935
1630,684731.789642334
3397,1434771.802810669
5780,1235187.0376739502
6478,1622828.5693588257
3686,638201.7024230957
1454,493849.315536499
6452,1079095.657875061
2029,1865010.8517837524
2643,1532681.9108657837
6533,1818198.5467834473
813,1333063.5351104736
2414,635302.0625076294
6779,868684.1565170288
5092,429699.07399749756
4796,1486949.1667633057
5484,698681.1855316162
4365,960832.265007019
3,1974490.7864227295
196,1517191.3938674927
4519,1224962.326171875
197,370042.48906707764
2342,653603.8601913452
811,701426.2617416382
2814,951264.6917877197
5500,754725.1655654907
3091,1218553.4485931396
3015,724963.6128921509
3888,414322.8811416626
1577,1889046.6446914673
3803,1880505.0274887085
3341,477557.31967926025
1701,1987545.3764190674
2477,1946023.5960235596
5353,703793.8027191162
4583,19493.27313232422
2364,1101998.5234222412
194,1527182.3763198853
1960,1363677.7550430298
2562,555870.2076416016
5656,1511815.6960144043
1637,561691.41822052
2496,896690.472328186
4049,1249691.6585769653
728,719226.3943710327
2161,-29222.14109802246
703,1450115.7552642822
3033,1971174.5599975586
6658,351983.6849975586
1556,450392.45013427734
557,619396.4005737305
2183,499051.9608383179
329,1069384.5180587769
5725,710737.3652496338
1162,1093249.3210525513
767,986256.1663589478
5713,1313190.6121139526
3621,1447219.08984375
3111,712783.8439331055
1103,838862.2685394287
1761,681310.8582382202
3961,1657070.8455352783
3071,2071571.452545166
4628,686595.0155563354
3644,812961.7813186646
3587,675720.2932281494
5033,824134.3219680786
3949,863234.7312393188
4632,216116.02403259277
5743,1740077.5356903076
5814,2338617.8828430176
1478,956556.3932418823
4688,1005828.6934051514
6619,418743.80531311035
2597,1525109.1958389282
2881,1404130.096359253
2239,1033423.8397903442
2645,320506.5854873657
39,759135.1644210815
903,1601100.3264389038
30,375400.9465942383
6811,907138.2015914917
6727,2120876.1310043335
1659,597579.6487960815
4147,6148134.365791321
1348,502907.940864563
1315,1907150.969718933
5744,647672.2470397949
4264,625872.7928009033
5782,1055327.7440109253
1682,533209.4351882935
199,1526901.5525054932
841,1110118.1477890015
1367,702372.4754714966
5598,705956.0800094604
2715,667793.4384155273
640,951352.1562805176
4540,1129547.6881408691
2018,1900078.5775985718
2661,1578783.0177764893
6675,1642292.3542861938
2149,968792.7392807007
2046,252630.98416900635
5124,511299.04234313965
5379,813389.4050750732
5799,596447.357749939
3831,1073125.509727478
4982,526900.5401763916
3275,827125.8760757446
2109,2005356.98563385
2669,1236787.5985183716
561,711085.4629364014
4809,780341.3068771362
2398,417531.1181488037
5287,553495.3249053955
4971,937614.3912734985
3212,1815966.0027542114
519,1283771.017463684
6715,749823.3916931152
6815,1532622.5496444702
3264,787033.9752883911
295,2272948.606323242
5701,477380.67276000977
5316,1151264.3152618408
5543,823994.8054885864
6180,1477510.2817840576
5816,1170990.906944275
313,1170104.7389450073
4652,596374.4355545044
4677,383100.6752319336
2622,2118027.4727783203
5635,708324.2733383179
6741,1135214.2556610107
2038,1997383.639328003
3435,2514597.941268921
3484,963147.7788162231
463,907869.8928833008
634,1758618.7672271729
4367,1172807.3647460938
1842,1576346.6103668213
1780,853467.8203048706
3817,685530.8977203369
1208,1228687.297996521
1622,704208.7459335327
3870,1346345.8551559448
6298,1868646.3104858398
2278,1351325.856628418
4506,739870.0263366699
1554,2244458.6998672485
610,1426112.4888534546
2673,1958013.0144119263
6280,634518.002998352
4205,606459.7003936768
2280,1280425.5765151978
6016,444463.7208023071
1370,2106552.4346694946
1147,542948.7977218628
2520,1718869.1802139282
2443,352062.2684249878
1256,218464.1728668213
1810,460172.2085800171
1078,662849.5832901001
756,958543.7934112549
58,1335440.4005508423
5967,450589.49407958984
2438,645205.5214920044
3210,1234960.833480835
366,1958737.0504608154
4393,863633.5553436279
484,2029144.2192459106
4729,1383477.3434371948
1152,1339843.3236236572
6552,788602.8584060669
5939,664316.7184829712
2145,1247329.5143432617
3788,617934.6433258057
2565,627077.1068649292
6199,2776828.0566329956
6078,918936.013999939
4603,1688153.924583435
5199,1700496.1447906494
2835,424017.71173095703
3758,1869656.252204895
130,87874.97215270996
4219,449143.46450805664
87,530655.7251739502
426,725851.1674346924
6079,593773.6589126587
2846,737390.5724639893
958,566440.0994415283
1372,1119907.061203003
97,551314.8839492798
213,1728170.6831130981
5662,658917.3875350952
2805,820087.2835845947
4907,1411677.5202331543
4131,744430.8135375977
6519,526494.9606628418
715,877338.7581939697
5049,1661067.315536499
5809,812058.6755905151
3929,309607.20121765137
3520,970069.4611816406
121,860364.3018798828
3583,771166.8346633911
5792,867575.1270904541
6411,885018.4827194214
6397,2542792.9128494263
4770,3072072.390083313
5206,1433561.4740066528
5303,432567.671836853
5777,689372.326965332
1054,997736.1501083374
1928,849300.7608718872
5455,585982.4845504761
2170,1227611.1280517578
5710,274197.5833969116
1973,521989.6194458008
3594,652850.9804077148
6516,2046891.427055359
4067,430018.9641113281
5779,674242.4699401855
4752,2023691.098739624
6083,1083583.7401657104
2759,532835.8111801147
4297,1874510.4785232544
6074,680692.0313720703
1740,476326.79205322266
3476,870520.358581543
4156,1133021.5907974243
1506,462822.2136917114
1443,1109396.781425476
223,3335667.128845215
1156,723249.3467330933
5885,1291341.0916366577
5,1238077.3346176147
6580,1429278.9006347656
1273,1185332.1370544434
2349,879434.8509521484
1196,1438476.3653793335
5570,3416625.7812957764
3010,1232591.8001403809
996,1232403.9801483154
5822,1367113.6464538574
855,2291124.02885437
2073,3217708.8323898315
1016,1152352.2253799438
4639,820448.6720809937
2446,1001096.9327392578
646,1991313.232055664
775,491204.17362213135
3867,1251524.3866882324
1938,1042649.6000747681
2568,605289.070526123
2308,1193718.1270370483
6784,628935.3373565674
47,607174.9879302979
923,489615.74475097656
4318,846249.4140625
1459,941410.3395843506
5579,1040974.0876922607
2241,2749651.256210327
2942,677596.3999862671
6399,1440812.0229110718
1940,642956.0321502686
6107,691840.7283706665
3394,1274024.7303466797
2253,970311.7894134521
5736,761742.3473052979
3576,1250021.3426589966
5524,2447492.2895965576
5413,499630.9874572754
4998,494491.31367492676
169,1304713.8491134644
4585,1036437.738822937
6288,1472348.3553695679
2993,573107.5223388672
222,1732668.2075271606
6545,873577.7524261475
4781,907087.4743728638
3442,523578.361328125
1047,930824.789352417
6663,1357114.3083114624
3952,1888949.4309387207
3716,769066.3732528687
5187,834158.4177932739
3287,541416.934387207
529,784254.1379241943
764,984644.1092376709
602,3643446.3322296143
5005,950640.0584259033
1749,1829173.8378829956
4695,1747200.0509262085
190,1187404.9092941284
4395,739596.2430877686
4287,1558935.029449463
4623,362109.77098083496
2849,1292942.3593826294
3130,914415.1278839111
4373,1121029.324104309
1088,992131.2773513794
1684,629241.1823043823
4592,614398.0948791504
32,444625.44735717773
1276,573801.4450759888
5130,741419.7940216064
4059,1034001.2777786255
6275,1736586.0424880981
2981,873042.6190795898
5441,1619118.3123550415
1868,1299557.9950942993
5551,487007.1961517334
5927,1333626.3225479126
91,350422.2780761719
3959,1280142.7800445557
5022,846106.427154541
3649,656841.8851547241
3506,1076282.497138977
18,1349435.1697006226
6588,1391028.5675735474
1389,723224.79347229
42,1390758.8861999512
911,1432227.4777526855
268,992443.8071594238
6753,1213540.136871338
3975,1138948.6660308838
1233,1236565.5786361694
2652,991564.0110778809
3362,1083158.4256362915
2184,345740.017288208
2158,3249615.644935608
6447,1381582.9558181763
564,1435756.680343628
2902,1075834.125114441
4808,735530.1142883301
5582,1773183.776008606
1076,937971.9384536743
5077,774989.7581176758
6441,830706.1878433228
1522,742841.673904419
4886,749583.5626831055
60,1301587.656173706
4526,767825.4467086792
5766,512350.3554458618
852,695492.9784164429
3764,717570.4987182617
2212,1310493.5267868042
6249,648254.1566696167
1095,1147011.0042266846
4555,940294.7450561523
5591,946348.7431411743
716,428607.0160293579
36,616287.5747146606
336,1947310.5769348145
3181,850947.7682495117
5172,1734988.8821105957
3874,922925.6608963013
6359,449799.73696899414
6537,1043044.1130142212
2075,1866634.6089553833
6049,1125407.3254699707
949,1840651.6969146729
4593,833297.7547531128
1704,708131.9903488159
1142,879752.0487365723
4658,642863.2447052002
4723,757903.1905975342
2841,166030.6311416626
2851,863534.9905548096
1332,554670.2032394409
2294,878308.7628250122
1589,2179382.9457244873
4445,705510.0758056641
1096,556002.8418655396
7,810136.7515487671
5351,1189244.2857513428
5870,1167754.5777740479
5896,446911.64905548096
2973,1225691.1001205444
2432,939405.0851669312
2604,713466.3784942627
4987,1227867.966835022
6445,3149836.7702026367
6001,526483.6037902832
1324,1168281.3448867798
6678,708744.4873580933
260,1122056.4063720703
4207,614111.6694412231
6301,2032920.55393219
1254,602618.1749572754
4432,687614.9963378906
2277,1598572.0410690308
3797,562258.7083053589
5308,1248685.5021820068
486,1288869.6864013672
5286,1295124.2327270508
3008,1061090.4225387573
2284,335735.9657211304
514,1356174.21408844
386,598746.7343673706
5247,854562.2059555054
5030,675149.9783248901
4028,1241896.5304489136
1858,1217298.859550476
396,1510553.9358291626
773,590403.2222900391
3956,320576.6084289551
6093,587041.048904419
1015,1135176.827140808
6711,1781639.2041397095
3667,1372440.7699127197
5382,608462.6408004761
2995,1082648.128540039
6701,2354472.06300354
3089,1414721.1887130737
1785,546980.7102584839
347,2416715.1852874756
6085,478182.27866363525
1951,655917.4319458008
4531,738591.1142425537
4253,1365292.0965042114
2128,1303127.2714233398
928,604468.6338348389
5664,1184424.2954406738
546,524990.0961227417
970,567378.4476089478
830,601179.0929031372
2319,827877.8653182983
1993,1639480.0778198242
5078,791329.5610275269
4280,445649.46717071533
5321,1067428.3099975586
6292,2365847.732070923
3707,1123304.1277694702
163,1095106.7036361694
2361,786539.455696106
1529,1173195.866607666
6005,1277574.7499313354
186,1477338.2970581055
155,422691.83180999756
5521,613221.9760742188
1349,964507.8378295898
4530,456164.4243621826
2644,1494975.0365371704
249,1681687.2421951294
6121,1327352.3725128174
4238,947426.4294433594
1831,1066488.0365600586
3974,381535.12157440186
4190,299911.2636566162
57,2291578.540298462
10,1475410.4157791138
2618,574108.9206695557
6299,1137532.2271575928
168,597985.8617324829
574,695001.5224533081
5203,973731.2774124146
2484,1313775.4610595703
2335,937826.6479110718
4116,465331.71377563477
1625,706969.0725021362
1963,1049164.4120788574
4068,951862.9634933472
5849,879907.3055801392
2582,539799.8712081909
908,2031332.8553085327
1944,834459.9337005615
3705,1216084.4922561646
3101,557042.5205001831
1860,1083493.5933761597
5264,471626.47160339355
4400,1665137.289527893
3079,540087.7208862305
3107,1557002.9872665405
4762,826557.7286453247
872,2080410.5861816406
4565,362466.6582183838
2663,1229466.4095993042
5577,2004449.485748291
2976,1373796.0154571533
2110,1504005.8522338867
4336,783983.3684387207
1250,1603754.6076889038
890,2123468.7082595825
995,1079298.9640808105
50,2117983.1069641113
5560,48676.16480255127
2426,1180961.4427566528
6467,753128.0404510498
2760,627807.7806015015
5053,455851.3299713135
5397,555436.9276046753
649,789387.4934844971
3280,653905.4537582397
2102,1128323.7564697266
322,1686325.2082824707
4480,1137985.6989822388
3896,561901.6539382935
521,757986.9324951172
940,285745.8046722412
1794,1004698.5499343872
3083,345464.1700744629
3674,972822.6041412354
3438,2845148.2083129883
642,1640660.0614318848
1588,2390251.5717544556
5516,629936.368560791
1696,1206580.1449050903
3168,2268744.2791366577
3670,1349833.9172668457
6336,3265717.6836242676
5178,2242743.273200989
1925,699058.7082138062
1514,848606.9207611084
4548,515116.16721343994
868,1940649.632095337
2717,842809.4941635132
3741,656239.2152709961
203,1120385.1112976074
3473,836563.2856674194
6308,334608.6014404297
3330,2320753.836128235
3643,964791.7646560669
3021,1139976.1322097778
2231,1594013.3728790283
4221,1466216.978439331
81,581991.5014419556
6527,818788.4050979614
2985,1308714.6459655762
1718,1897174.1643753052
4517,448044.5040664673
6043,549055.7551956177
5541,827721.2202453613
2332,841755.6982650757
5718,824855.7410049438
3387,383974.91453552246
4721,636801.248123169
5886,1085282.2274551392
406,2261510.8047561646
5692,983492.2384338379
3554,672805.6859741211
3835,1181547.3754882812
3709,938303.1152954102
2131,1378530.8284606934
1057,1624662.7265472412
1327,1119696.016571045
5032,655754.9481658936
6486,1506898.6583709717
6794,1116441.9943313599
6067,487220.25647735596
587,605685.7112197876
2078,723877.2019348145
843,1763233.3468475342
2285,897957.2305908203
4872,324711.51734161377
4208,742358.8662338257
5501,1221628.6535263062
1172,1151800.7988357544
3128,876772.7852020264
5474,713260.2406311035
393,1508847.3940887451
2746,1167944.9826660156
4485,1069480.391052246
5184,1058843.235420227
5146,2410882.4413223267
2005,2842376.2724227905
3911,661555.3472976685
1933,1021719.7717971802
2323,943152.4052581787
103,595998.3157119751
1335,843303.8748931885
2039,2846497.7901153564
3219,1620065.6149673462
1766,828953.4325408936
212,1963745.1700897217
1752,1849149.380203247
4927,1091805.324935913
2233,1800428.2181167603
2081,3311393.8363494873
5433,1095315.1156539917
4397,313757.6166000366
6373,1242321.279876709
5234,1152790.0417251587
2636,624475.9897613525
2678,919356.0953292847
1929,688338.5667190552
3538,917534.6014328003
4376,745149.3719406128
3558,757421.5353393555
5179,1577790.9556045532
1614,565822.837928772
6479,1362184.7038269043
4331,2165131.3831329346
1840,542503.4200897217
332,1860307.0017852783
4740,1314316.6164016724
3286,523467.9342803955
783,255187.77277374268
4940,693960.2761001587
231,1140909.7958374023
148,2322886.921409607
1018,1641726.2024230957
2119,747298.7847290039
5838,882787.6374816895
3999,1246140.0865707397
4734,786536.0425949097
2672,1197580.2966918945
387,807720.1806259155
5475,795503.1616821289
6652,1633528.491493225
5803,542479.6267547607
5079,1074106.3490982056
86,456006.5484313965
3065,352303.10973358154
4609,1197575.0776367188
271,376294.6479034424
6755,1242617.7616653442
5140,867031.001449585
1802,1214860.337524414
6718,2130233.387763977
3358,1155523.873336792
1615,616704.068397522
140,1413967.543258667
2455,714439.2367706299
5912,653300.057975769
699,853371.5226287842
757,550441.63646698
4495,372107.8911819458
4758,1975031.1280517578
2198,565650.0666351318
4143,499181.824256897
5681,738589.9335708618
1999,2048628.4242630005
2130,588395.194480896
2862,1140819.4481048584
297,930986.2867050171
1171,1296229.6475067139
3664,593727.36769104
4890,1959932.7429351807
4641,1084454.5638809204
5790,668169.6904449463
1422,2893502.4024276733
6417,1442496.128730774
5973,1037496.8478927612
1400,1198265.2830352783
5194,1312406.9226608276
1079,1022232.6215820312
6357,958176.3645858765
3611,1019441.6413421631
5943,2138920.664993286
4137,1264689.2045516968
5158,1271777.3002471924
4580,445748.0717163086
4085,616354.2428970337
2474,382822.7007446289
1823,799698.2189331055
4782,939941.1511993408
893,2167499.803260803
4004,759385.4642944336
3731,669800.9624481201
1995,2933173.874732971
5165,287579.5143661499
1109,832507.313369751
4126,766693.6675491333
1846,583591.2444992065
2162,583121.7270584106
6656,747626.5420379639
5555,1000571.3861160278
3584,1363591.4344558716
5418,558340.9722137451
3291,401913.1866531372
6556,766498.0907974243
3151,541879.1309585571
6312,1212974.2098083496
1988,734828.804069519
2843,327242.8904495239
1657,1047797.3871688843
3832,908261.978805542
5214,1264185.6750183105
4179,531639.8738555908
1107,950805.3127822876
1061,663722.9720001221
3123,-202827.49256896973
1451,864405.7346343994
2686,1402457.5566940308
1618,585275.6327285767
228,1864277.5920257568
5613,1342292.1329040527
4608,478782.09008026123
1619,646492.9918670654
1585,1625624.6642227173
1841,2158058.730155945
1737,801753.4319763184
1381,415218.8792877197
4749,771455.9327087402
3433,671384.3449859619
2812,340636.0112762451
5262,907281.2794342041
3400,921233.410774231
4382,831377.7876052856
316,588469.8388595581
2560,1135094.9494934082
4858,791468.9192581177
3344,2426792.6479873657
737,798177.1375350952
1007,1908131.4438400269
5074,1235293.3121643066
6425,1274500.5450668335
3514,1057423.2051773071
791,888821.1622161865
4096,1660875.5487670898
4227,1689271.0418319702
5355,876144.5510787964
2875,658801.1261825562
798,979272.9403533936
1893,543054.0237426758
3165,414131.4366760254
6008,776355.2060928345
1336,1285636.1452789307
1874,1528951.4532928467
1784,2713154.332359314
1123,1329059.7734832764
1527,1332173.302986145
1341,929224.1751937866
6102,373876.053276062
5328,2027003.8229370117
1510,916178.9638900757
3581,919059.1576080322
2654,343724.7998275757
5360,296106.77603149414
300,1817646.9782409668
482,1160646.846244812
4984,940229.567314148
6716,1657585.007598877
3113,474491.7673110962
76,872620.7965698242
1677,557503.4081954956
4070,842128.7597579956
6071,1134602.187866211
2304,1410368.1254806519
4800,868620.5460586548
285,471606.8980331421
216,5744493.340881348
3147,1828935.0083694458
941,860985.7180252075
4386,1114317.3922729492
273,984600.4703903198
3689,631032.5486526489
1491,912610.8557281494
3799,664801.1459503174
5014,829497.5808944702
4394,561086.4636993408
3417,1181214.3050079346
2586,778327.8796768188
790,1531857.0424423218
1899,840644.6313934326
2236,1112767.3969573975
664,1413111.1276626587
1338,2496311.215484619
2850,924928.5249328613
6490,551287.079788208
4361,1039699.227722168
6042,592089.0463562012
6813,1397315.356300354
428,2176131.963760376
5159,2068366.873802185
4986,924930.9389801025
709,1439378.3774414062
1469,1288839.6579818726
2991,878529.8786392212
3539,1594277.1520996094
4498,560472.1681747437
3773,2677678.9552993774
5818,541924.5090866089
6055,560157.6072616577
5060,1115063.0677871704
2352,750370.7772064209
4798,198264.5622253418
4870,694351.5206756592
5738,1432018.5758514404
177,1778725.893562317
4110,328105.75077056885
1691,533351.152961731
5010,443907.4260635376
2007,1782511.7181167603
382,1940058.925628662
796,571513.977973938
4125,1463615.9714355469
1521,431746.224029541
1252,680725.6675033569
6480,894896.1775817871
5595,451544.4257659912
4895,1331636.107559204
1487,1199921.6459884644
3814,429181.4211425781
4148,1258831.5707702637
3618,1165699.0531311035
4810,830055.4745025635
6261,1313869.6277618408
6251,832705.9691925049
4819,587827.775428772
1155,988506.5865631104
6581,686454.0638656616
4322,534102.5803222656
780,1533012.202293396
6195,2656886.224456787
5517,1807992.399559021
5754,680025.8725585938
6528,2108114.961112976
2099,1841133.894958496
6559,1989732.682220459
946,1746715.1649475098
6117,527998.1045761108
2556,580926.9628295898
1563,937564.8218002319
3186,431389.53771972656
2358,617599.2462692261
3372,1754843.4874649048
6283,633191.9920272827
207,1209683.9196624756
4285,564586.2386398315
6756,665469.8192443848
4078,511614.42932128906
5941,951026.3649902344
1399,657430.6455001831
40,549745.444152832
1777,1834032.3209838867
4619,677206.3258056641
2463,1002441.2886734009
2019,2022855.5492858887
2882,1454124.5658187866
1811,803174.9860229492
573,1707509.859527588
4247,732425.1513595581
5996,1249883.593383789
74,2200454.9870300293
960,340395.99660491943
4201,690345.5142440796
1238,2230036.8489151
3106,1361903.9713668823
1083,856657.7590713501
4536,1173457.7999801636
2830,955724.1926956177
6638,1678492.052192688
5624,656348.2825164795
4985,70444.32557678223
3279,693880.6234436035
1671,654898.0574645996
3383,718819.4480133057
2490,582120.6929626465
6484,1051834.1720046997
1062,742624.3366928101
1329,619175.0526046753
641,1864392.9196777344
1964,673908.0839767456
1406,726047.7103805542
1431,1404468.0065841675
4600,716874.5282440186
4372,447403.33238983154
5775,767078.3826370239
453,649261.4200210571
5097,2200840.430671692
1977,1560055.016418457
4822,1498808.6560287476
436,907879.6256332397
5522,625243.6523513794
4766,735929.8512496948
6143,378316.75856018066
4064,1204195.4072113037
5329,998396.7721176147
4928,1103797.552154541
1405,770808.1913375854
4696,710420.5536727905
3303,783416.8008651733
1697,2719428.470588684
4704,917940.5707550049
1414,905717.7210922241
1411,1655854.0066299438
1048,769707.8818740845
2270,1362356.296257019
2141,477130.0632019043
2318,1163711.876121521
3512,946100.3218917847
3937,724601.5858078003
4136,1304305.915260315
4666,574330.3080444336
308,2382176.8960342407
4388,215297.19213867188
5143,1507574.1104736328
2097,2111945.699951172
580,2224947.054145813
2907,1464692.0351028442
4906,589632.0620956421
1248,1172527.5930099487
810,1579567.4698028564
506,1147623.5803222656
555,749169.4260940552
2551,929017.910446167
706,1117325.2572555542
4878,1401916.8025512695
6018,1401490.790878296
2091,1289001.7191314697
901,605031.5806350708
351,1835104.8952789307
1983,1925826.172302246
286,1325184.5229187012
6461,1289386.999923706
554,874004.7592163086
368,1397917.8362960815
338,1878333.9101867676
512,1790338.626991272
4499,343203.0905609131
6667,779835.5550231934
3158,488024.28273010254
3416,871046.7083053589
3970,518271.071395874
1504,292548.60821533203
887,2694509.6461257935
5868,1230624.9762268066
4642,1277216.9312973022
4534,2078510.4460144043
5977,538004.5839691162
232,2516987.177383423
3703,844409.1063537598
6758,952456.9669799805
6096,635691.1620788574
2107,1425641.0219268799
4629,800994.3116531372
3289,576077.291633606
3169,625898.3335800171
4404,466209.090927124
1762,2347735.2704467773
6602,4083874.429145813
2763,3752554.6497802734
3126,363693.5260620117
2098,755036.001914978
787,741287.5252609253
2292,1088441.4446105957
4991,522441.8032531738
6216,1407943.3075180054
1187,1039275.4625473022
52,1259585.3871002197
738,1647050.1031570435
1961,978958.2347335815
3334,1985714.8025436401
5015,1191772.5952835083
5333,595079.5218887329
2345,443087.26651763916
3737,729913.7760925293
6442,2046522.0798187256
6125,563011.7240142822
2377,701497.8071365356
3217,1237645.9174880981
1100,759507.6285400391
1102,1076825.6524658203
3681,1360094.5140228271
6702,1052171.8975906372
6339,980282.1056060791
2687,905823.5723190308
2564,899637.248298645
290,2463529.541290283
239,1591480.6415481567
