Id,list_price
9907,114.0782633845669
5243,24.062638991231882
8276,148.65877900332265
6501,55.820521657185346
1619,6.998704873784035
2226,37.439429519429005
7130,205.19041265904818
2272,104.62827366143796
9594,53.66123407234227
38,19.341204035711538
3851,143.2140211677814
1713,46.788568367132896
10304,77.37959283158798
2339,11.151531949633018
10128,23.583799007515495
10859,59.17278771403027
392,93.65410005394708
3888,31.512866246157657
5940,32.89639141578965
4577,575.9410848656279
2829,16.159484863983792
9614,410.45475619151244
1900,399.26042581360423
9527,72.50025309743894
2341,76.15615855599586
7739,24.889613251728385
3445,41.16650185479982
298,28.3152780999537
429,23.3046152925865
10482,52.44390171598273
6309,31.918205274772355
9634,31.030406250330046
7093,37.7272512172959
1874,35.76500704870699
798,140.2681566347589
6394,115.20389772187869
11894,31.060906873790202
9504,93.98026688776962
4255,23.377211087319296
8991,46.805778043402974
8667,44.42963656007481
1067,120.4094973681682
936,407.16042754273985
5751,22.20378481413444
7347,74.91043437821398
5061,33.15949124550814
11880,24.28035714195982
11077,84.24403016753517
9796,49.80903720760617
129,12.086839123185602
6500,68.10986858246599
903,37.05811413606112
2018,43.39061919103763
11332,46.3176545965771
2915,45.000680033946146
11814,54.29153906751969
7732,41.02973789437456
1074,67.53722747009722
11551,98.75871910045834
10732,22.693954387254795
824,60.64060892488914
5778,9.006085858689193
10059,36.02449246792399
9400,43.79212000560095
4364,36.15246574912078
8063,26.05518487526527
1466,4.452486179892659
3113,57.1040434314729
11058,63.32709290684467
8462,36.18795919569132
11124,402.4696739566071
8460,36.77905592417956
5114,32.765162991049735
1088,34.5137042938246
8311,30.7373657085037
4693,80.67487320353092
756,72.36141727954171
4864,264.3218980182666
2913,34.05160323558554
8574,17.716731336876514
2851,7.020947770556546
1097,113.69366330164205
3854,142.04350612957472
3136,263.75556011067783
724,31.145316885728143
9697,17.958242566688142
7172,27.95766252744496
7128,26.45400746818956
7952,115.82190096632588
5718,72.20405748609676
12179,41.718056741609296
7537,183.284402365757
3255,399.82676372119295
10567,65.12013065207094
9557,33.626367672702195
10793,53.649405469710814
2057,-10.224557134428167
11958,52.190201937262074
9908,52.632681018512315
6971,22.158444414267652
1821,32.12072995298911
11339,53.838184772240396
8966,25.262151555027373
9943,57.26299909906782
10888,22.847883713538234
9265,70.59781220629131
6307,24.493428427638662
7913,3.8280847851494997
7738,25.099591639578883
12085,157.6336522817489
9432,213.92362788566473
175,222.8761279623167
7253,64.30111822973366
513,121.15188211592267
10635,36.402051072983156
2120,18.870552792121725
5948,77.28883437117332
45,32.82643520637772
6702,28.546038329031816
9850,45.226099179368866
2492,77.50407892731295
5907,55.95304181823908
1458,14.622576156494926
1618,24.25942097218028
210,45.23341337046902
11477,34.78854436046138
2478,55.768288849568634
6426,32.04828906221042
2960,36.40579609958884
8113,39.80865967314826
9717,54.71438178222647
1704,30.349275339444205
3507,15.704458003323186
11102,26.00878998549345
9801,6.575403707972853
3952,66.82985644655909
1864,41.88418151905474
8349,52.946296093625804
4353,86.10372092491528
9770,31.14230705135692
2409,146.77098597802683
3924,23.39155749987414
2337,18.29790855359769
4905,59.75891400146863
5603,17.860263211818815
7039,33.5392689863412
7992,26.043344702346346
5973,53.434820136486906
3338,16.44855036795347
4700,54.90665457572396
6470,32.31437174492385
1358,49.036668032649594
6467,86.4634588774623
569,235.29351743814973
12256,55.51139246431228
1261,19.353365488485395
8498,47.85523838650919
2778,87.29098415624648
6027,85.77472637137976
3204,23.365879750079333
1141,37.292821132189694
3905,57.292822734002485
1386,29.929608131990598
11170,139.70181872717015
2938,58.88681536737055
9836,13.902053757663701
8395,118.45767832279716
4688,49.21825059922414
2679,20.051044151840678
1510,235.6638848633552
8889,162.22839127170357
7382,105.43424734897611
6564,205.0016333565186
975,19.416537460317645
6600,28.661659852956888
6290,42.61336028537541
9185,55.85586021867296
3991,17.86523872960801
12252,77.38956414458742
8050,31.924001027997434
11572,33.00694215726624
2620,17.40340512885766
5396,158.52965804688614
3104,104.46446113280258
2277,38.015524972896536
11985,45.56231237525229
9115,25.668069084071146
4547,3.709461421885834
3176,85.72616231985612
42,32.00240706387176
11787,9.623971841477669
4876,31.096690143475502
293,13.279688166292008
8693,56.24232759245534
7995,396.23830435885037
6953,31.241487908451298
7996,241.19309877212072
4092,28.60731328846422
8622,62.14182799470656
4521,30.440365216477026
6246,21.183719967018156
11186,78.23780453137024
2398,60.49540336890098
5416,71.76856837810298
6777,-8.714322714191525
10874,65.87691893681729
11316,106.75570246668318
10665,21.129598091541386
6965,39.431101068089106
5865,35.83515941153166
5937,47.25118006958288
10426,32.49553552160002
5887,24.535393268893667
665,45.55565969776688
2332,40.32294683536903
7298,44.27527928035832
5282,20.960090688242435
10694,3.8780959238346853
1506,406.9716482402103
4895,135.9298495894074
6249,249.97180497208362
9685,11.63179432813218
8769,156.50097646657144
2870,6.905863594190031
12211,65.87524786218927
9929,137.8176426147032
6862,17.339677992388612
8303,25.28837094210846
1124,15.640664269622395
10831,10.70509958145541
4059,43.86352366369256
8906,356.9138467252176
1488,50.704732319457676
5299,32.80663035768007
2999,25.38522333284258
8437,53.56934875450245
8744,119.83042699821561
11825,22.634986308834826
11462,25.550671304013882
4362,42.72397015982318
9138,14.253625251356834
5644,1.4439925089806067
11096,26.387967447327874
11162,33.966997179042195
9596,43.431853485154775
5653,20.249336301237463
8278,95.7096883931314
3139,268.13751904517665
2101,28.387496014915925
4721,114.63755981428994
11455,32.98467899562569
4041,102.20306288895654
8687,23.14768132678234
11762,47.74967455605088
2429,42.261740124113906
3731,73.80829015335087
899,55.143692037323866
5800,7.964844283204442
6236,47.10012117639087
2020,28.53277819805176
2669,34.05858655302192
4309,18.5415062941833
5300,38.86476316050037
11090,38.79285639680664
7142,103.44090084646615
4652,9.74400130283638
4049,53.11764055662759
11863,242.51455388982777
12165,45.3668803952373
6125,71.95734768063257
7558,29.441143938356483
1617,14.937773726214864
4026,25.356192848189743
4415,35.76918848062472
8664,39.997438975677845
3997,37.813231346179435
5428,17.203667578071787
3702,17.9075477690621
6498,77.4776136737029
3801,81.78989923465065
2462,728.2116341811139
11839,181.1948125704711
6880,29.361893151023985
5256,36.14122759076938
1316,38.32002929607686
9245,40.28087660325149
7428,41.26069552533764
4053,34.25502584633478
2889,80.10853529594218
11086,50.69683601893277
1551,14.949340793204868
10738,410.64353549404206
1659,37.06187091436985
989,55.501449670033566
1944,231.51793138755815
5023,30.56199779245815
4928,28.09532194536815
7525,36.4014973191204
9547,44.290331194305125
12163,38.79537598453489
3339,30.30716673704976
5113,47.91621487272644
11925,21.684375505429145
933,248.461570551847
7261,91.59294765918781
8465,21.098574488841294
1092,41.915114671636125
6588,40.652179289315406
6853,41.071916222808056
1250,49.80099148056862
8168,55.894980919003615
7904,19.186693847315066
5812,49.5958092042833
10762,31.4024524987664
439,14.654637408878347
344,26.80815269514937
6643,356.15872951509925
8896,10.836116025972515
11365,30.114860970908087
9806,65.17915401861765
10560,162.60594987676274
1039,23.592571451362875
1079,47.17277758332975
7288,77.46994766909295
3169,146.95976528055644
288,21.891244955319703
3557,25.294809259480424
5332,49.0054815150651
8596,25.253311949682896
10903,46.045418509733466
8536,35.765260266571424
6087,36.240868063169394
90,20.612653271860516
12112,33.32763557752303
10957,19.559276934585032
703,60.54214342802152
11671,54.07897190880328
4329,32.13298507833273
10828,29.73676501829037
10031,98.38116049539917
7666,47.08744699744292
4893,99.03879083155938
2379,214.82688495501694
2578,70.0461221645544
3926,25.510110955541656
7259,48.10043840354188
123,24.527695520163395
6946,41.223540519027836
11250,28.490912740177606
3840,38.8863672036656
7496,58.467331217083895
3283,56.7960464858555
8756,25.035304314282136
818,85.77298894865896
5630,43.70894137276958
5446,112.37924966180069
9493,32.38373906487514
666,44.92479582077843
9905,45.95592484123209
5253,57.28499468873447
6491,45.24506739514851
379,38.10051104188662
4791,29.77418089127576
779,49.388493713137684
11568,32.2496755569137
8234,47.2762262999725
11503,32.03953252163072
11633,43.32206574029102
12101,60.12451227194618
11047,35.32997809599197
2494,71.83312748131469
12053,35.238282709107416
7661,53.09014006414178
3975,26.036781807293067
11610,94.81097393383452
6963,44.723963392026405
1066,99.14092483504453
6479,32.88232169518825
11453,37.72295243682746
4330,156.74402357103776
2074,19.42573816583197
9374,188.6316734512713
4723,182.3405058531091
4421,355.4036123049809
8496,53.158863252342215
2548,25.38522333284258
12233,46.63903467409391
6304,5.253948590265793
9889,18.902681300838005
7660,68.46507725414696
4585,235.8029239397803
8872,43.603340703071375
254,45.94640877636678
10117,33.1809648773879
56,103.87412215779987
9064,410.0771975864533
2887,99.5184834401037
6192,29.889595961137136
9463,63.5907946104999
9216,19.24096048916866
7313,14.326063120547186
3476,71.44894027597843
1147,81.27315302324298
6046,41.43427271499523
11570,25.12929953623466
3236,26.640975063855453
10130,5.408475144652051
1475,32.31523395884348
9983,284.51844408040296
6375,55.4729924833127
7634,24.657745709222976
11678,178.00215181224382
7955,105.6230266515057
4150,54.71787527319438
10380,49.58174455768842
9207,217.37979263656163
8201,33.651508625907965
2030,12.627049397780969
4454,57.48160203653207
7232,233.40572441285394
10807,20.450931861718434
8175,30.906856706453237
8133,24.417995488836404
5905,53.01445207696632
9867,157.06731437416016
9990,123.78906495143285
10893,32.56294302615836
7308,31.384261729124926
9713,25.674402184854785
1846,93.44433676277644
402,22.71233241937524
1397,90.95979804729635
7824,17.95878478819011
1326,260.9638164029368
3778,33.60545286700923
5125,576.1298641681575
4884,32.61563984526359
3004,52.161009185238846
10291,37.65146201100602
5615,98.04735777666912
8374,12.107329757964674
2183,15.315332331274025
1214,94.4820734339279
10093,45.31717894245013
5880,66.53811059598415
8859,22.656815479181027
137,76.60944810098019
4184,41.858243075257086
3735,42.203521282483564
7127,31.12833570004689
7745,28.14644182997454
10294,62.51938659976572
2333,42.58318894395475
12243,235.10473813562015
1556,40.74202321976196
7367,576.8849813782758
135,8.310902473052344
6423,23.851657581247665
6169,90.2512875126823
4674,17.43742723803983
11733,31.780011103825558
10125,57.78660227273798
12120,63.81100163114855
5857,31.06081566563185
2827,12.177052923531456
8171,38.393240065726765
8984,79.10277492111412
9554,25.67826546670117
535,14.908002730459181
4568,30.545394495205343
4987,31.890424851216817
4649,26.437042260792865
11510,37.02503098552697
6894,9.38364446374835
329,22.71049169987879
2530,11.843318213969908
5101,16.371170500110004
2093,354.8372743973922
8191,300.4194856603321
8634,67.5730131433009
5367,35.32349611305616
10764,28.312108543388895
8670,22.724782321856395
1139,23.213938151186607
8123,36.590276621649984
6337,8.697718596550253
8046,25.064532647153314
10844,18.14702186921772
4679,23.786609159558985
11861,46.50643389910668
8031,34.56702633333057
7494,24.730505672206885
5353,52.82567277443674
7647,101.93788629044099
8556,33.280790422498924
11361,34.18516894780297
1303,28.66079338067832
7069,43.33619709766104
12111,33.19572145979582
2189,18.47512736242629
2091,113.93410794103009
10820,30.683348268731045
2824,28.70675020657577
477,58.218393448594036
6558,33.18197775285232
4704,48.11667409597764
2626,17.48768012454885
11849,36.47392065344172
12117,484.7420651266445
472,29.425970549919583
3437,15.77705375285057
3604,68.10356537768595
981,13.009065367494092
6616,220.6758354011624
5046,93.88876157105412
1395,56.305774001240735
413,41.41355241842897
5702,390.3229825326236
2634,43.667135645634524
2104,33.68868793874604
2346,41.82596267742441
9878,73.46758210086921
1822,31.795785331992054
7540,45.82419411697772
11279,-7.204088293954889
7014,35.080595955276095
6738,44.90085361127427
1007,3.7437141700291576
8968,30.79538083175271
8452,33.060029765113455
9411,23.681065932502918
7566,22.77012272172318
5722,54.14991710108842
8112,33.75052687032797
8342,78.2738755027909
387,48.209928176949006
2368,43.15799021045522
5650,24.16803104646453
658,58.01811630918614
4548,33.44790977402096
606,55.83471800973634
6555,50.9438959141137
7050,65.65981621923412
3018,54.38551973276543
8895,64.74257204701178
8605,24.816681506233095
493,18.656614491343582
6280,85.51090740868992
10252,35.133364240919306
9050,49.2376699904335
6399,45.37240303819695
3067,54.68784584200787
4614,40.31679901268974
11255,33.74730278497664
4703,63.43329054549332
5077,13.570945910428865
495,27.688857871269622
1478,8.311253072594006
3458,25.16741354566016
9149,26.672649477785345
2976,29.96902999659227
614,104.2461182800063
7960,51.11324036047497
10060,27.650574963197535
6328,27.432602815930657
4804,23.565990389848874
102,49.66164736653801
9623,116.5770181764442
5721,50.35812315035665
4512,32.97071194297856
5460,20.560273777384495
6378,50.30240891196628
8751,42.39951916319441
8474,6.906617112777198
12054,10.206554878833387
3415,6.792282303533973
4468,47.60717988710992
542,34.58083022432487
11945,83.12900413641546
8770,102.31544489550015
2945,31.956854822517684
11928,26.044015646454646
7784,38.35103318163622
11592,63.51587220937425
630,63.893430814433415
9244,42.72794726777004
1851,101.55310782117034
1606,15.593146956395053
4668,8.131380688961514
3358,25.32133165301208
2843,25.302754402939726
12173,45.834805975491534
6734,33.72582915309688
2939,43.402508274319345
11306,271.1074050430181
3762,30.495946039579337
4002,9.255149585241906
124,40.64492088412313
4973,122.53898434995219
11614,84.43280947006475
2672,32.01004578093142
6940,51.5232808272289
7962,31.81593287575017
11786,18.20938290455694
8331,213.54606928060556
11828,27.999103083603856
1110,29.739360547924793
15,40.87962788025171
2148,23.40271745371619
1877,22.813040923903007
8463,14.703621725606347
11183,19.091460603367587
7623,85.01631161861732
1522,51.10526965636418
847,17.0258465237985
4498,76.52605115644505
393,75.5661841146844
8325,31.74954916025533
4442,232.46182790020606
11612,88.63898637338899
682,32.72497851486437
7708,154.34633170255466
6107,27.479718838765276
10160,577.6400985883942
4689,30.272948785595773
34,27.939334132105156
10967,27.748940192364962
11028,55.13383385925312
5517,729.2297631674835
931,24.070696979758093
1266,203.49139893628197
8335,144.72425558801802
3276,36.84079876139958
8354,356.725067422688
6676,58.23671924665038
2158,15.640159009051136
1637,60.43246070080025
11968,33.04051714526
841,28.341249898868174
683,29.227785740980888
1686,20.270651388971856
164,30.395360108969772
11561,59.935732969416605
4240,34.16049225659741
10447,106.72981276315754
4268,40.88928474295777
1140,38.02875447619977
6289,43.869836448541406
10355,18.283574505036512
2249,42.35306423224944
12147,138.38398052229195
7731,37.66018058162916
7585,83.16094604853878
10591,51.67957826806371
1758,298.1541340299771
4467,57.43844981641821
7228,20.38078721235836
8967,29.605556365604787
510,34.95889402301363
5529,122.09005122866664
3961,39.778460085881605
2464,211.65827625530977
5883,41.59527145259256
4637,31.919817317448015
10419,66.21665493743751
4974,125.54433289833631
7199,64.17623413942304
10226,30.95352774882734
9657,31.328924845848928
10423,42.77707776825357
6449,34.89181665274651
3894,154.8019627438052
2349,154.42440413874607
5018,47.345321193423565
8999,43.91277258924597
6196,26.79189901741139
6083,63.79867553436388
7327,32.42584766726958
3921,91.90369455994423
4351,81.97867853718022
5754,24.535393268893667
4990,485.4441809746085
81,26.346195283343615
1912,8.381985093087977
929,19.236958863302387
5232,24.120636134505414
9698,10.019173714257313
11705,78.22358244052174
3293,121.97264644236346
10908,34.5997650579318
2028,23.035355231287053
5926,8.129982551008005
1558,14.420609431863099
4584,220.2332177269026
2070,29.790277285087022
10014,46.07269676650516
10873,74.99984620709567
9820,27.56016088983538
10568,11.213674631031672
10638,19.559276934585032
1008,35.251765418009214
2662,39.150962341165425
11636,23.600711991828927
8386,76.06810902688036
9027,57.5978229702084
11540,57.51953537995156
2311,85.14200375975526
631,43.53269471570759
3929,26.594281011975887
4641,28.606775940905663
821,75.63818364381638
190,56.415268731443376
9091,26.641174728043474
6153,28.357259026502234
11298,22.446207006305244
8118,31.81593287575017
6062,37.27524146894363
5138,102.5806214940157
9155,25.005460808762674
10791,58.521918510506836
2475,76.3860824774951
3177,81.82230725186412
2496,52.55130264903885
6099,78.63675474249042
2220,47.36155688585933
5225,12.932170133649773
10685,36.94307640580964
2017,37.16885761624602
3638,41.669463772727504
5745,32.33689390985103
2173,15.970705561454213
4207,65.97177268839542
8066,24.919284974736463
11760,21.507156696600546
2216,54.15153736560564
6468,35.701054718115316
11983,20.18485700181656
7487,24.817756201350203
10767,46.12887529404752
12122,35.38259208005407
6707,27.95766252744496
12245,103.44812071067763
2546,25.1325523504825
3459,249.02790845943574
4706,40.38942452326199
3874,125.16677429327714
521,45.98121638948719
8729,87.21857608758063
8577,29.928231058612724
10814,21.324907047730964
11704,107.29615067074627
4993,100.99398977779309
7117,34.738128682186705
6840,20.38078721235836
8805,34.57486088587365
11562,55.3226131617827
11367,30.872127571260624
12043,23.115835990056922
11366,30.96678589630469
3811,35.9636864465912
5103,-9.280660621780264
11427,65.69864217584828
5043,91.45555698881996
3969,29.099116105640498
8065,24.919284974736463
5025,34.514258047687356
11026,53.266931027540146
9490,45.423341840810174
10190,26.829954030573052
2725,25.669198307974778
8720,50.399612350183205
9848,51.70108459297997
8324,40.39660162390224
10982,25.642562717674252
2783,42.73716063336393
4857,18.73028559671288
2392,34.68126785190774
884,33.922607565336364
7990,21.194066150686787
810,46.55601765598765
5608,29.66270501657523
12069,43.53219497837189
1924,121.40630853477471
10177,73.5255126038038
2381,263.5667808081483
11289,49.992787200551824
7369,390.8893204402123
6885,27.544001360514034
4654,8.628527253630033
7678,269.6477534654133
8100,31.619046513510455
9403,41.5960758019633
10993,43.15463637331273
3390,44.917985018107174
1664,29.3496081222518
6528,17.581226183130948
3065,73.61951085082129
2978,46.53928458412561
1961,29.74082882946102
3260,134.91525714543528
10478,34.62747486993575
12223,195.1707319872544
10176,43.57371275770566
2356,104.27568183027299
10501,100.7378045543256
6215,56.6539264575605
9797,34.50564408044629
5852,39.05354246302995
10457,54.75627525419396
3983,6.981061606063548
2724,23.185579227201995
1248,30.47003143381656
7111,44.82324902605461
105,40.89388302085952
5139,355.7811709100401
1650,65.11888221041636
549,85.71040621751837
5475,82.35623714223938
1594,27.56875845077225
7668,41.71215076520557
1130,24.643470534941702
12186,30.618638042447245
9874,106.91859206568711
5454,61.43929988154888
10756,52.05713687312287
10737,392.0219962553898
4948,400.3931016287817
5158,42.063478337469014
10242,29.58609435527042
4116,30.602545910290377
10279,25.57287341146852
655,79.63496340215116
2917,38.122605849523595
5123,25.7337514532489
9903,35.14119879346239
7006,39.52575939313317
7655,76.90212732281468
6764,56.842705760090084
1661,19.638635570535378
9810,36.213271770453574
8373,20.75834581741752
4617,42.04702237778667
5411,96.68214677263296
4249,34.57090005264243
8706,83.78174586930518
1331,48.89533396062403
7910,4.842137237063312
6279,25.697278215395574
470,36.96838898057189
5075,23.97925174393495
6830,44.807420176340464
6333,25.728752965137446
10880,52.84473594493596
3241,24.44632013430414
9477,156.689755769101
11463,14.277078803819187
4594,71.8264988810376
275,32.00240706387176
10655,93.34335001411576
9991,97.8446930262669
9215,34.03342715034306
4404,160.71815685146694
3124,30.30716673704976
3709,11.636702127308745
6310,32.486155225036754
7930,31.67807031038282
5679,-9.091881319250689
9822,39.148357275845086
2223,48.98095379425922
5259,61.00915217952908
5412,105.2195783429209
10039,45.80090044586933
8111,46.012973419507304
8733,36.081134472879064
4456,43.72432811804396
10244,33.61883104021423
8503,29.39008870839107
1811,29.608914711733803
2550,16.916366699170915
10561,137.18060877579023
5506,27.39132461985622
9754,453.4509025065561
8852,25.632850237209553
5528,50.02800977580151
930,19.673485546781517
782,34.533335086630935
4719,34.61794114317428
8508,21.938837177136477
3468,235.42536533472114
12067,47.13286042044431
6846,13.22716254707186
8883,213.73484858313515
260,35.78519188280702
8480,23.206240402456338
9792,56.808665500044086
11098,26.23226745475636
4107,24.9156386117456
11677,194.98195268472486
9750,44.74680420957982
6882,34.18946772827141
8655,452.88456459896736
7721,74.73830229855162
8881,22.938803510931095
7351,52.78130464728306
9946,44.90465035952802
7612,12.958157245015805
2180,16.746382036453607
5547,125.73311220086589
1555,18.92871452033183
9780,26.12541582402136
7722,60.702810514116536
10839,32.86789754064534
5629,53.04254426018115
12027,40.0249338277344
1349,121.59508783730429
1660,39.33574749373204
9537,52.962648846959134
4930,70.66720315784775
2977,104.81705296396754
2519,74.18031600158457
4955,142.4210647346339
9882,53.078151725010564
3682,33.94792014009862
3009,36.69422634296055
10736,578.0176571934533
11888,30.34121156538874
2034,6.414723698474809
11245,15.647518238254243
6537,264.8882359258553
1013,30.97592080480012
5642,29.66545401322924
11417,82.94022483388588
5726,27.479718838765276
5468,99.22757013408896
6053,27.5801039223858
3279,147.5226868554235
11341,45.56885017130762
3667,47.54368557725121
9712,25.674402184854785
3295,84.37823159351245
1992,17.21462582632808
11406,59.788786334790956
12072,26.167980129459615
5927,12.391819337427066
8466,17.07670708937946
7999,57.57802199785894
3348,62.9796631120266
2592,44.22005389784009
5727,29.70343877600018
9001,45.655970821392586
6900,18.256616456690242
5964,77.10028083861235
2567,24.479609728266766
11817,48.98791420168667
11472,51.082053842890474
11601,410.1210185620837
7746,31.02596479209815
1891,26.06986950214916
1405,25.650384499327988
4482,23.751917134790734
10372,34.22220645287264
6589,43.947012950195735
761,37.31590274931809
9516,29.983114970663948
5105,85.89192678111601
7453,20.192231232553485
6510,95.99230785416452
10805,23.902798536900658
4288,95.23719064404621
4918,24.311395119502496
7394,24.695813647438634
3359,33.94792014009862
1053,6.643389165497389
11485,50.148082465277156
9915,63.138313604315094
6296,30.00746972814187
6270,53.872757766745906
3915,76.3933008539347
8734,17.235780718383026
7089,53.81237874154606
9009,31.674798183388855
9161,9.097520098381924
2526,16.25977106542389
1624,25.966974720923858
8248,265.4545738334441
4128,24.73372975755821
7195,143.1761819447522
4628,21.687400910435407
10255,18.526729864511097
8091,41.522100338439465
256,44.68993261320078
6530,19.296623504301618
4101,25.483588562010002
88,2.6707971665526813
1696,35.8394581920001
3342,11.698754587456325
8826,205.75675056663692
2909,30.02004830478672
9812,28.670853339801262
2325,91.358990816991
1589,26.754404817326723
5265,80.8636525060605
334,11.650070789220411
1622,22.741183873524825
1991,27.035803908795174
10170,129.1718840146495
2162,9.881660720759573
4954,49.839230473271925
10288,58.795229108971114
7554,36.4014973191204
5863,26.15900861466281
9129,12.14701235111453
8250,44.03989848254139
8291,61.19002185975834
8014,22.820076725612886
5559,37.398753478709324
4140,30.08416948306619
225,37.456352417951905
5304,42.23580168031624
2280,31.86273384503217
11878,25.739450606543464
2033,15.000134761554087
8760,159.6623338620636
5646,24.08084365298866
2001,76.83742329075916
10096,34.66972566574478
6392,35.18427905076302
4205,25.39858774506002
3883,53.394799890970106
11205,31.59123180129598
6594,41.623052017524806
8890,143.74251985234093
3457,24.637034887346836
6412,36.023938714061245
10316,39.893560452313544
6025,86.67005883250401
7071,233.40572441285394
7671,30.928220439206644
7710,95.52090909060182
360,83.31778343894504
4211,38.581862880485275
8328,730.0994272064098
848,96.72590265896207
8780,72.90124419328046
8864,41.20512985053473
6994,47.860739701832664
7221,50.73568175541581
11676,357.85774323786546
6903,31.546442422938277
8375,86.07724531627866
1474,2.5767856067083557
3844,728.5891927861732
9945,38.22903807694615
8371,37.799086381984075
11345,34.22468693514682
11848,54.692076404426196
8520,238.11801579623975
7924,52.97008394981263
1792,75.5900464183757
490,48.4783993624908
691,39.35919430439538
12185,24.071479326108573
11399,25.855236343925064
9046,53.3476425548718
11175,77.01200553952826
9835,33.63582686263091
6688,62.33962264765536
332,30.019127950746913
1826,49.61221217803904
9353,62.86710511850065
10173,104.09085591425233
715,26.792531658059268
8631,65.12180172669898
2812,31.353479409859276
4609,395.1056285436729
6355,58.08977261202473
4878,32.321764380862305
2649,83.43950076931695
1449,22.57060923275202
9105,35.476285284478614
203,34.558014646283866
574,112.20260290122418
2556,25.669198307974778
8724,35.67072667683404
6595,28.254387661562415
1639,48.08557478404666
5164,17.808903247164043
11480,41.035993813369814
10973,37.21128913835195
6388,31.152724119964198
5595,91.73578960417842
8939,58.9918364567687
7272,24.695813647438634
9438,136.99182947326065
127,5.338319205386135
3663,83.52108815794199
7044,8.474396271430354
11353,24.091577839430236
8412,27.273016358138378
11611,104.95113526670278
9628,74.4760377167288
9854,25.601642221870875
11980,41.22477311589939
1986,26.447428107208317
3108,71.01345116798467
10346,27.48046373236987
8666,19.052181186639082
7859,92.39945350146786
7594,70.03147429870256
7386,34.96368623320508
8846,44.234204580059824
1070,89.27104166901137
6942,48.871791306095965
10686,15.458738935724664
8530,53.55940058924872
10538,72.36621688061398
1626,22.45720889839263
1976,29.618101279810247
7759,729.9848803776018
3224,30.229002054425077
302,31.91599834957863
1849,85.24095892785655
7782,37.51017347065317
11328,26.01726876514569
156,64.02528268934442
12229,75.04237562431754
3052,70.77069963623663
12164,45.47098826711676
9101,44.8137329611893
4860,30.873504644638498
6829,85.6996867112195
100,135.14843664522502
6545,31.980265854053197
10747,129.54944261970866
496,28.580001385588854
8104,35.750616958351756
3818,43.00311643754783
11794,87.50188394407388
9647,58.333139207977254
4504,48.02613685089021
2583,75.9597132488563
6828,25.886057517925153
6314,29.36243049858254
2146,20.93228370031709
9444,64.93135134954136
10105,25.402298770695715
10896,22.13488281793538
10922,39.048706335002954
1459,6.037165093415652
6654,44.434260437427575
11884,7.1417416155615925
7143,83.14376236957116
6114,485.8217395796677
8828,148.8475583058522
811,43.41116448797179
654,88.04007800173471
8979,92.77701210652702
7796,44.81181904248673
1926,77.12652032225378
1481,15.021936542732252
10131,35.14692349678718
8158,38.70347871002734
465,84.859959771305
4457,40.57947495002809
4744,36.97213400717758
58,86.25424700696931
2125,14.79816803692226
739,79.78410992302753
3539,35.81810332559795
8757,20.374480881423068
2565,20.916927710368974
6061,37.093842674040424
10464,31.68333764932496
3675,158.84771889037256
10884,65.5098628733187
7038,32.50315104745343
289,31.249686176319784
6666,101.56032768538182
3446,46.156224663742975
6714,129.43497408602394
1999,92.94486505840622
1727,33.192802929980296
11913,19.37095827581998
5426,37.160913309707155
6010,30.75077709498773
9984,263.7955059408805
909,15.238494684932526
668,46.02358527802111
1196,22.769952683927176
554,51.53396947866327
2324,117.75385467039024
10066,29.794335668134366
7777,52.75751679109622
4097,26.677485605812336
7639,77.85517227876207
7214,79.01431334754959
3032,32.21781386863414
8124,26.91412582478113
1995,69.85734286202484
1146,112.00337406182823
11900,29.320395841226453
8500,49.04889068790392
10114,17.45426569443862
9939,61.64670702676443
11881,24.141531843319946
4187,29.06573472353154
4622,33.142281647392906
4025,24.82581418987641
5386,50.00207087021376
3318,29.78059387395448
6386,31.04862184501802
4514,42.40253816900933
11243,34.00392627776136
9052,33.423773947008414
4749,23.285319673658925
4446,109.37091336328048
11571,33.00694215726624
5363,29.962960193805337
693,210.64987356187106
170,410.7472342908019
11896,31.155565198834267
3026,85.33078306228484
11290,34.178891157126735
9061,250.91570148473153
3734,31.560361383851593
1762,63.772023193938324
8040,30.405763929341987
4783,55.57548321317992
3475,104.11279223126905
6706,28.85043915548647
9031,39.51224506894565
6033,48.997822296166554
4536,4.628373361978717
5223,27.848971992994574
1168,31.873576127886977
3207,27.59816920197397
5147,50.16934384782707
6119,109.93725127086923
11097,29.764622081799054
10214,17.252298969806795
514,94.75701826252342
3494,22.851919129401413
2109,84.18945229098287
1238,214.63810565248735
10189,27.934549938329734
12032,19.936835539644193
1786,108.42701685063258
8447,34.29216706068562
1694,27.364571610531108
8832,87.69508986074109
11123,214.48996579325348
1562,70.89179460695131
1526,29.550581245395215
4998,96.49336747010338
1086,19.827414873064956
11134,79.21777201543878
6497,158.9072166519453
2871,23.879175629328344
6575,86.8588381350336
4466,61.58450543753705
1595,9.504102115700412
867,44.35164711051844
2029,34.111386867865946
10754,54.31451779936704
9123,20.758569140142225
11079,84.46521748727822
6043,24.533253731990143
3641,28.876955421001963
5803,24.164167764618146
3597,99.70726274263328
3974,23.51450574539992
11154,74.66481701925838
9696,26.424260989306575
2849,18.663906664955867
6870,36.95077914077543
585,74.22269931098751
1689,19.529029241994905
1047,22.551329875878135
6453,69.6539156936434
1035,22.987960319327936
9242,85.40888118323778
10826,18.904288469570258
2816,18.681996812316847
9169,37.462682708476436
4600,34.443805148864364
1709,53.78819665957081
11808,-7.015308991425307
3780,157.02118290538027
4672,23.873859688702304
253,42.959709248103856
8777,78.04417735126025
3361,26.405501709446305
1162,35.062653320001424
7794,24.173374247108473
8458,27.54701622752971
9382,94.0558567237162
41,28.580001385588854
11886,31.25711866439498
11499,38.27190146300428
11690,49.01093510807853
573,103.6369000132072
5231,25.00922224167256
2806,25.33486459438283
2958,27.930909518119847
1535,42.919627151044665
4852,40.768254252557675
7574,40.27731101815052
1296,23.211798614283083
745,35.67708915799512
10139,85.7048523996719
1242,41.96332615471601
2295,26.02794310438715
3636,32.145634125047266
4737,20.661705057172384
482,38.64946006806344
8346,21.297025631568903
1244,60.412974185616115
3665,40.84015424247425
1166,19.717808544524484
7371,269.785949925311
4685,22.999917296599136
999,28.497235307905232
7246,44.66822463069185
751,222.85410775043727
2622,4.062035454389978
6300,22.39256411666402
1311,43.59857994188147
10939,49.99781651013575
7846,30.458555986118498
5128,408.75574246874623
3670,38.59509238378851
7331,85.99164952383725
9651,43.93481540308247
9719,24.887710321894936
5567,155.36830065139395
9613,391.8332169528602
16,26.223247037817835
5632,45.163950410487985
2513,108.80457545569175
2524,43.15799021045522
610,266.9648082536807
10409,9.451437668715066
1929,60.947884375085785
3006,54.19596719623739
5342,113.21028235072733
6213,18.620355939726327
1560,393.9729527284954
7667,44.857003933221435
8334,263.0403887307622
4797,31.748033837335107
2756,55.20325529145843
4606,25.130940307806835
10005,194.6043940796657
8871,32.61375300944916
8241,19.862961411890357
10949,84.29362186371625
8817,62.571975696726355
4447,113.59587793512438
4735,29.254514026061123
1277,85.34860371479695
10557,284.3296647778734
10439,234.34962092550185
12021,7.1417416155615925
712,28.110513163547925
7528,31.53028272502336
1122,29.36549355967444
11773,3.5205648368059883
10293,63.264150238743944
3737,232.27304859767648
1501,23.881917677228515
7274,29.039218458016048
4666,16.070449541392342
10556,402.09211535154793
3805,73.41684718084456
3234,34.78234203244984
7682,102.54710455724008
8869,49.94171880881446
458,35.26076129056461
1307,69.72330664519986
6477,24.132328297437613
10546,32.99131161450832
4560,51.77344104704647
8189,32.880709652512586
10118,3.500537318775528
3054,72.00473186739646
3835,44.16491784947021
3398,37.546416221305186
7521,42.52011516105318
10002,38.97397810325351
4926,30.08206827945025
279,26.800744899248624
1614,24.029739242371228
7163,22.925948722384597
1740,33.21659574394951
5449,31.28546944600508
2739,35.19080037805831
9653,31.14230705135692
11507,37.40006844088153
11215,99.93515080196492
1860,75.85937735155957
10085,53.94690735956161
11509,34.013385467690064
8841,61.08036911917569
12047,88.35125190275811
7330,18.997914544785488
11939,64.01926744886227
8947,77.48268732125193
5623,77.97009910593664
3438,-9.846998529369003
2142,15.829443572151977
5371,31.93681313986469
6383,21.337649293301595
8402,48.92863500481698
2770,18.563537839803935
2211,89.7772946609698
4076,23.096540371129347
10798,34.035907632617246
8748,65.83909633237835
12200,402.84723256166626
6284,72.59080832971753
4838,105.03079904039132
11060,52.454130334350346
3713,298.90925124009544
4526,23.79047244140537
10528,25.644730461846702
12097,69.97531167438359
8169,50.21083304765362
597,33.516414880052615
2352,136.87012918922647
6756,7.9249581187114515
1512,234.6702481246028
7409,21.304330485613445
6797,26.30008936083764
10527,25.8547088496972
11232,54.93033728547695
7966,30.458555986118498
8580,34.75580563586015
11844,358.0465225403951
6214,85.61409091877809
7306,33.91460845562646
1442,36.791299011186865
6629,122.4676098337258
7215,73.34336190155133
1884,20.202684546296492
5704,408.94452177127584
5741,42.424580982845825
3486,28.948321565881862
6957,35.37305835329259
9283,36.26991377540865
2932,450.99677157367154
4750,12.01172717346423
6492,31.36285970642254
9313,56.76441816983325
8223,106.1634748555688
6893,17.48093998169085
8514,409.8884182839237
3115,45.57721257720628
2247,31.768075519988102
12260,33.32763557752303
3147,30.84759003887572
2720,28.576275317445507
6263,102.95818009907485
11002,160.4174510721819
4664,24.536467964010775
4048,49.791785242767915
11087,38.417817379475736
6364,100.65115925528117
2782,51.0064952342967
5903,17.860263211818815
11622,45.17810109270772
3377,90.88921908123123
5739,51.9503917469446
6951,31.2374011475476
3821,23.568158134021324
5801,25.30006766514695
5021,38.42549694736717
12080,57.708314682481145
11754,69.47276668197321
11231,47.560895253521295
12215,38.31744039099477
3106,74.36909530411415
9442,97.46713442120773
2572,29.78059387395448
4241,20.472925754642805
8217,102.12666559297057
2291,36.81568568473155
4496,101.23121192238577
9399,41.65956316347614
8487,17.503846315287483
9734,56.794447601019755
8319,45.67515226970685
4567,31.913539526771775
8940,54.3787166491348
6075,143.96913837789972
5110,41.73283976238856
6763,85.80287022130767
6539,43.47356057495265
7204,33.78929613269932
8021,29.01975644768168
10581,124.23799807271841
3910,30.495946039579337
2444,38.50880859860644
6496,12.472987067340075
1796,69.8164794677601
6318,34.00068842574183
8064,24.919284974736463
419,45.75109167778187
2769,14.793543928460004
1831,155.80012705838985
6681,31.439842552227237
7688,113.134366871919
5024,25.88766956060082
8926,486.76563609231556
9038,25.55239979467828
6863,24.040436883777243
576,116.42756747306808
9993,65.30890995460052
5647,26.60311971488181
11001,14.30069517700558
6911,27.854767746219657
5112,34.81370376314024
2521,50.43524148959645
4171,451.3743301787307
1951,103.89812322521384
6019,136.30740819446657
10585,74.28725841419921
6073,283.0082096601663
5496,24.134496041610063
9667,30.69078075680624
12135,29.629342417314433
6172,78.15887840846622
2540,46.590203983305244
213,25.550798109934806
11683,74.85359632178796
11822,30.522764523568547
12246,140.0793773322293
5087,15.42229907154859
9962,41.151718834020556
5826,51.145722222169745
8366,45.317579556386846
1259,31.955718307747887
6527,37.53847191476632
12174,39.35181379676901
1498,27.359647482451354
5740,43.681057146011824
2163,32.679233308034775
7734,40.47529885250911
10900,217.94613054415038
5733,395.48318714873204
241,21.77278598280679
9131,28.376499328578554
8685,24.606774791365986
1809,17.5976097815354
1062,60.62124000332983
8935,77.27968592787384
5656,2.179082201068468
4820,19.053025763716008
3285,31.17612317867199
8094,39.327222544724805
7420,25.854565399816767
10654,79.66911282870285
11039,32.818162854736656
109,38.149191903679
1537,40.45069525628151
11065,32.44979081775395
11391,33.05667684317491
211,38.40004852106117
9948,46.54335995490355
8299,40.664078155038695
9845,66.7924920344116
6580,60.32525190905737
1972,91.3373566523555
10051,49.30619360987614
3949,76.33727185391547
1565,39.184123197512264
7979,24.69642417731727
9508,32.26101151522437
6339,18.067837154160664
1065,29.329052272947873
2079,575.1859676555096
12220,39.54031601084225
1219,75.77882572090529
1417,16.83706722126892
2298,51.88177626178884
8660,45.290301299615145
980,15.138120095734447
5373,31.93681313986469
4149,68.29234468021554
3785,32.522056215336626
5171,19.81444930476962
8880,730.2882065089393
4733,30.683257060572693
8142,56.053548289925764
3508,13.57540327508283
10161,391.64443765033064
12078,76.63997969129457
3043,63.95130330708255
3334,57.1040434314729
957,33.49990863621646
6743,31.195482426595348
4986,36.66641056680659
6776,16.909729568028048
11441,35.82978593594611
7292,45.730288318076724
3705,15.536766995616809
1076,49.82426710446269
8326,29.297182924740188
4300,52.86848222889816
11135,11.591233236090833
8611,8.908740795852346
3514,15.175726641981417
2676,20.47949455155384
5780,25.19800154420214
3988,-0.16089237139101442
7432,41.48047821467934
3745,104.65324043533215
5162,10.506577747994395
2506,18.870552792121725
10739,410.18089638321317
3784,26.797652879370737
790,33.78191463223926
148,23.688742694556698
1321,20.67345188057614
432,39.61504424259169
7091,44.66822463069185
1060,35.008551775591904
3121,18.16394768912414
12161,57.82933700665656
5328,47.294401794243925
4036,235.61414463725072
1315,35.95378635123657
1706,104.2507150563788
4455,52.86848222889816
3529,32.76472304233374
7479,17.014346054040242
3182,72.18155242682504
2949,20.836989296560596
3057,45.34587522560515
4410,63.23233762677515
5095,38.1907899512386
2203,60.81001930585941
2865,15.92359663662478
11202,29.048411944860423
3612,40.01186591820283
6651,62.646898097852
8643,41.789878426616575
1731,67.95490197087719
160,44.545739751929176
1341,19.220453303743525
2985,32.05151314756175
11396,26.13921131905726
11811,85.16241368951559
5104,84.19461797943526
10430,13.605662882517553
11072,96.6535849057793
7441,24.229216186306825
3408,34.4889454729251
1615,23.403792148833297
9781,32.19718309761814
2099,33.26467251043887
8130,31.442065887499815
4084,28.614208428980863
9135,27.18260228477622
9310,78.42151018635082
3648,28.119688820649426
10954,36.402051072983156
1087,38.25639727873767
4865,482.28793419375995
1236,29.929608131990598
8295,44.1495331494097
6146,24.146674709992457
7435,32.90323181743977
3517,239.6828643518841
10285,25.485622882325202
2810,28.236649823921702
6551,32.88810228845105
2367,45.3884332746767
4841,75.95823081016678
1134,53.97697596210038
6985,17.339677992388612
4395,219.9207181910441
1012,30.407970854535716
5359,36.1953291351789
6886,17.582833351863197
3088,27.721334898299848
10963,51.15472956030152
7849,30.417822226693552
2595,43.05182731209517
11702,116.05000886800892
10902,61.529725602784666
12084,235.10473813562015
10175,106.18936455909444
7465,28.604089203112892
7381,356.5362881201584
1685,29.550581245395215
8357,123.67166016512967
840,27.151425432720252
9830,20.172899399417055
10734,27.6215444785447
6519,68.0875186490878
10853,26.99908138791317
9314,33.448154409147385
3895,109.1821340607509
8378,156.31219716404183
4519,29.323258053548397
7419,42.818595547587336
8811,36.757840179733115
6895,36.31180776176254
3007,25.10602995695084
200,86.53486719616801
6536,269.2701948603541
4408,95.76812069844152
10389,54.4263608155938
1568,42.17082272577519
1712,47.68402639735804
7923,52.906116862223946
381,33.22929644778958
3971,29.13447875101882
11967,32.940501631217515
4760,48.81670221253552
2010,51.909868445003674
3608,50.390605012051424
9883,59.55817436435744
5853,18.108284673991182
9869,111.44748569110585
6512,97.05970537769213
11348,23.952752540790364
1827,34.303709246848584
3189,42.346411554764025
9395,46.05271087476601
9020,3.311758016245946
10270,19.200512969338142
7395,27.179432728211417
5124,249.59424636702445
376,43.111333544323635
9071,180.25091605782322
568,15.543679896532183
7004,38.99183485495591
7249,31.628621854756815
4317,42.71844336483433
4387,27.97572780703313
9598,36.43848501218484
1344,36.14228856530981
76,31.930805643584197
378,41.84320402679969
9414,29.198284174210315
10257,27.371381587305798
4988,10.974653942787196
9588,18.042405383205526
9003,30.79812982840672
3857,95.57934139591194
10975,33.82460616516049
794,30.248837351583084
1645,89.39973605591064
7998,88.9899978790127
10061,28.482074037271683
8573,20.569789837612646
9423,29.605556365604787
8490,-8.147984806602786
8690,106.70484598926333
7945,245.69574945158902
12208,124.3554028590216
8092,42.70889446358275
2019,30.98345743728808
6123,76.33578941522595
5525,135.67037435555358
748,38.600878018568416
5165,16.881112734323548
4170,34.429161840644696
4091,27.660730038023548
10000,37.845760808450095
588,60.38752404819738
5473,92.73440160600914
10763,25.828489462616112
10135,17.881404920346643
8784,52.511813817421825
1022,9.692881418229991
1,21.876598032556252
586,53.833268935128885
11416,74.4794929085456
4953,135.48159505302402
4314,268.5150776502358
916,73.02264135291819
6327,17.29216067916127
5387,32.70761211326007
5586,76.35001150607445
4659,25.10441791427518
3357,29.99565988486941
1934,52.173744043979696
5699,25.92253075577848
5091,56.276367852501345
11520,120.77432351086351
4151,54.156846495906734
12,49.7994521263081
5438,482.4767134962895
7064,77.66639297623249
4646,26.788884150395717
696,29.668351714079325
6216,69.02777033992402
7383,72.77039539368549
3603,63.42278800393275
8358,126.67700871351379
7210,356.34750881762886
11563,48.40890211514998
8543,45.373758083929204
8707,64.6128161110289
8420,27.556991333270574
1789,112.65198142247648
290,31.34434450136385
3123,30.175252619322542
10467,32.4406042496775
4109,24.631663636613396
4808,118.50897188050855
2377,30.11838743452018
7687,32.35782445911236
9340,18.525122695778848
9857,13.794442185047131
10309,67.95057174836005
4221,112.75849127194654
12042,36.80340249201152
4470,92.09247386247381
3407,23.41291383634621
2714,72.02190678384426
8572,33.241272435155075
2192,22.83476750345179
6440,38.728823078704714
1453,22.657796626227892
3799,102.30822503128866
11752,80.04667143376201
5555,44.05670183236841
11819,35.03051462140469
12160,79.44618409962159
4589,114.6892251511484
6939,55.10074300855464
8686,13.33318229117129
7447,29.74688424415834
5513,39.45270511125434
9141,37.06692497188086
8436,68.34009086679573
1222,66.57728422885117
12077,79.36540669899871
1940,18.492994187062564
9446,58.03364047992359
2616,-0.5384509764501715
1125,22.341423161011026
12191,29.656676250211177
8032,27.998940723519397
4592,104.49035083632822
2979,83.3323088554124
7389,31.62715357322059
3170,94.01067467036518
5447,50.9336672957461
5228,35.745469854173805
3029,7.186086038360109
4655,29.27308811416451
6805,220.9883349370209
7709,148.1525260113642
1218,73.99153669905499
8532,51.30201966300455
4471,91.35823099911926
2438,43.90044971948943
7286,90.62884611774146
8925,86.26602461880825
11505,35.36679924602204
7055,41.83318125560567
1371,154.23562483621646
1129,37.826745670366954
9960,26.04348815222678
11201,28.216912870786274
4133,57.33465540190642
4121,23.306447085996457
6418,37.53847191476632
2097,51.482828261423336
8964,18.992939026996293
9778,32.607120390566536
509,34.39094407274922
5894,113.32482917953529
4950,261.90771291558474
1528,25.969484418528637
10241,25.62610424281614
2590,52.09864774753325
793,20.753725923024305
1064,48.27435408657624
377,23.414221621126973
3739,109.1821340607509
8214,486.576856789786
10216,396.8046422664391
8429,92.58823280399744
4388,29.893288976920672
12037,57.21643603671067
8218,110.69236848098754
10945,6.764183010502428
8148,40.10532680402515
2695,108.95929269274059
3704,34.38212075011285
7078,97.24848468022171
5033,28.28410124789773
5693,28.44619219574317
2270,30.726833944503365
8105,452.6957852964378
5451,32.51054368339189
12058,34.770114720484045
8457,25.02474016563656
8715,70.40903290376173
5767,29.07899287100889
10328,116.33657353705617
5723,31.06081566563185
6866,22.442518120553725
5816,72.59169988324979
97,8.228072230484251
8210,68.67620649005472
7918,-8.336764109132368
6954,43.61412839440234
35,21.555813043705488
4941,28.16450710956271
5868,37.34969261223674
3554,26.411325545336556
7828,77.10512871619278
445,35.923369565873074
9121,32.86210178742025
1710,40.08503703235593
2069,31.158422316653457
6728,44.08649997782874
3290,355.02605369992176
3284,46.97013753243279
4247,18.09632707159168
8510,26.866427268426378
4559,73.96653786556608
4034,236.60778137600312
4909,48.6202636911074
6607,45.10881436211811
2433,35.961166858862946
9228,38.482368427414215
3773,43.69057321087713
398,21.66289544383886
6109,37.587532781238906
5884,49.19426081759468
2653,32.881571866432225
11654,24.34863866045109
10164,270.54106713542933
1061,22.056020783951237
3425,55.710029944912606
8330,278.98650719232705
7513,67.19545453824173
803,107.67370927580544
166,252.048377299909
3248,19.905652710156158
2224,39.634307313143665
4017,32.38760438599058
6369,76.2469170164105
9503,49.04433491618978
1421,90.1341018711129
4274,11.717869857221757
10083,85.31035049432143
8277,100.17146664673686
897,17.110121519489688
5459,32.80441914779316
8868,56.69666119147908
3531,16.207002177211134
1675,58.32047745978181
248,397.74853877908697
5064,38.112754128893926
12057,34.202164770219646
4912,42.912749462352764
4892,147.52610318814516
1042,24.448200274709862
5790,16.448008146451503
1308,38.939778220179775
10948,115.0238429023015
1576,22.152643858481447
7711,99.98268734420728
3944,70.42368076961357
10338,44.807195165133976
9876,77.84602383546257
1841,203.30261963375239
8344,10.647336723442933
5582,17.203667578071787
11156,46.26147606903474
11522,86.33776673632438
11855,29.556291166590654
246,15.506543792298185
10381,39.26981661761608
1653,49.63548780193311
7747,30.54858640597412
1739,36.12788843537181
12014,51.270833145420056
192,29.745070469120233
6686,77.3371973665826
2713,71.26016097344885
5369,16.103104903205548
12108,32.43845485944328
1142,31.579296217458523
7247,41.52337146267599
10172,116.38823887391463
6481,119.0753097880973
2858,21.889081097000123
8973,45.562537386458786
7768,143.36496124728177
5503,29.7934691958558
519,52.45620180309829
94,7.271283597392831
10026,157.06731437416016
7856,98.80247498678744
12258,43.22238518544221
3506,11.501788282963911
5661,8.263814411359924
5773,26.814600865852025
8753,33.84028792843755
7238,97.24848468022171
8399,77.90353527417133
3258,143.02524186525181
10552,730.6657651139985
2853,23.220271251970246
8996,41.47747380864782
2545,29.80688058233983
7815,105.97469555303921
11944,123.80752481370064
9802,40.050278196411774
738,98.59981023638522
1225,50.24646218706687
6529,30.550661834147483
10878,56.98322690354934
5198,12.200506475993809
1579,20.55472509525793
1743,31.6847968253574
5303,43.29696074489733
3941,17.78096373391682
9783,18.472353807566094
5675,9.821487492830645
6836,24.318865572258108
6841,12.63446409814139
7643,32.881816501558646
5819,73.30083248432945
3545,27.509522027445044
11946,74.66827221107518
5263,100.27360065022202
1314,35.77238755633336
341,17.544079105200947
5786,17.879057851631085
5311,25.97022931213323
74,31.966168288962514
7905,86.18042882636684
5074,35.64638010900208
30,28.878446450977634
292,19.03818645458357
1231,16.07099176289431
4740,33.142281647392906
8416,25.07337225249779
6891,10.499118512954698
3728,11.84656424412104
2694,248.83912915690615
12068,34.972963743615026
604,53.790725083191255
7191,144.34669698295886
9204,36.12817556341091
6997,41.97283005765173
7241,75.6905504218212
11401,27.187860690442747
1120,36.02823749452968
9033,34.9581441942576
5264,72.40292058072022
3900,104.65324043533215
2647,7.023105947045522
6788,33.331500898638474
7968,27.368212030740995
10988,86.1489874337948
9561,32.052356788448016
5227,16.91460207410211
348,59.73912562161901
6138,63.923559624674496
10374,6.386624405443271
10420,48.57263518728994
4356,59.57013469893906
12086,103.44812071067763
255,54.21574337729955
5540,36.75505626053485
11950,66.25447754187644
5994,33.30601975222869
4215,23.969055361304928
11997,33.17345829815527
770,80.90210637284538
7053,50.56840877780249
2446,26.932932543855358
7434,34.909947376889875
7454,29.550672453553563
2665,73.40019995797735
6258,236.36926184736902
5713,115.06678375620757
9079,74.09847911166963
4566,32.57638368852015
12090,97.88010087946033
3208,29.515730371861512
993,50.62893662923754
2995,47.31639292733346
11246,31.588609683903353
1842,185.98876321585718
9813,19.370497632055454
11815,37.00482291977358
9642,45.94009599151794
5182,240.2492022594728
6508,110.12603057339881
10275,9.830394411727731
9461,66.22593708801806
10768,43.659943399284366
5532,63.6098962318343
5572,96.68214677263296
4439,10.785874640257617
7564,24.229216186306825
7862,94.83265808370203
891,6.225944395945234
5493,43.56945434513657
4397,277.66505207462
1217,75.01433429751889
9160,25.100119133806746
10554,279.55284509991577
653,76.43731602131783
1549,18.492994187062564
8915,45.50635885891643
6505,233.21694511032436
3330,75.39189290257804
2081,407.81184595609835
12104,46.36723835345807
4472,38.23671764483759
5990,43.28478127242307
8526,356.9138467252176
5738,40.6943576177489
2711,41.3083611273507
5724,34.82136375392352
9473,12.484888363023835
3134,24.048149369575004
600,27.939334132105156
2326,83.31729789585111
5179,15.742064549570156
6446,48.44906874251094
2525,40.013137042439354
1434,51.53230983994452
6522,58.23671924665038
11045,103.67978037241755
11055,36.059583799893765
5117,30.734173797734925
6148,26.265228165659977
9147,25.442091252212474
1089,29.538387424781384
5581,40.95703355508725
6041,43.75823364766615
5617,70.9900186772023
1649,67.34844816756764
5126,390.134203230094
4238,35.817770530119745
2777,239.4940850493545
8243,31.87426634208876
9997,22.05214284168722
10623,78.65865248428966
6101,72.96580329649217
11810,88.15727841147097
10629,94.16904619029918
186,75.23115492684713
12095,77.38956414458742
9331,69.03141516173571
10048,65.05623543985197
204,262.3686148018077
6556,33.46595272798453
7609,36.07861332317447
1136,47.87280569988762
9933,104.57357666164361
5807,53.20414736198983
8870,45.863931572236424
6739,32.493691857524716
5670,38.379569253768175
1472,20.7521094695718
2975,22.44959482441451
2278,48.061585002417196
9259,39.081037315086505
11515,10.017775576303805
7675,31.68548703955918
11355,6.95296231303201
2108,24.375823097688517
1439,31.838036127801082
3814,44.27800832454859
5910,37.638122855608444
3332,71.01345116798467
7414,17.025913121030246
9406,46.165801349844386
10891,32.55885626525466
3047,42.771968246484334
852,100.28731540973786
1252,30.152793630827603
11111,57.451778401597394
1426,76.45986468570001
3878,61.703001585204106
2041,4.830044784951816
6155,24.318255042379473
11362,18.66062784952441
1108,41.103125865138765
7003,33.278309940224744
6606,49.186601598696136
36,21.876435017358943
11729,36.77960967804231
12070,45.792437086957605
10683,37.53417313429788
6542,33.81974367575533
9635,28.989953259001915
7582,39.71453869566275
6346,27.665988443690075
6742,1.8215511140397709
12123,46.522262748820836
5402,42.7698591900723
2746,29.78059387395448
1467,16.92134221696011
1034,15.972930830287542
7495,58.04011189885279
11555,77.20078484205784
6980,36.21271801659083
8002,43.179698192964146
1188,63.57374470202339
11649,41.52927743907972
2443,21.41571430214796
11765,35.4248428758631
11312,129.73822192223824
10570,53.51263400121454
1094,19.114413977462103
8408,24.901791920110774
3804,85.01960916126143
10801,31.517704148378506
7470,36.50058706429212
1885,20.48467257804656
4183,42.919402139838176
9220,22.913561624385974
5362,20.850484359701962
561,20.339152986765306
1918,35.4336011428278
697,22.15882157644539
5584,117.51378181014927
4417,35.674530155580655
318,26.51676992411642
1698,29.17671425714486
1313,41.33798907271642
8479,69.78288755004235
4313,215.39322286260568
10574,37.65698150592052
1058,56.579538191788096
9080,53.74817989177829
952,51.29404895889376
2927,37.06665829734237
5817,81.05243180859009
7814,97.43726398275128
10867,32.34952111342115
2038,3.873256151860396
7275,28.14644182997454
3947,101.04243261985619
10185,28.801173956472333
10766,87.02114182892656
6420,30.875727979911076
1262,29.429321977280672
9223,22.171939477409023
8283,87.50631055821151
6550,34.54934937965713
4429,61.89178088773369
2569,25.370753242585998
6160,25.697278215395574
10499,155.101448912673
11871,42.99071263491598
7836,92.49090681429675
2258,34.702483596354185
11140,37.93988178593561
6689,48.36229709722824
8539,25.07337225249779
11494,54.99269872318254
1360,26.15826372105822
10266,26.519456661909196
3932,23.563137832261155
2499,43.112805319720515
1882,29.484197529900374
252,59.088256418095575
2597,44.933672006944526
6056,23.77497119709963
9616,246.45086666170735
79,32.80747399856634
7020,53.48246430294591
10371,40.671664711613886
9179,92.04264629132476
106,46.87638378863738
5501,21.52413966400355
4810,84.07241510596943
9644,241.94821598223905
7773,78.08509620026132
11661,52.10458210362688
469,29.053016877134574
8072,62.697812331155205
1794,73.80275739652541
9178,73.72437569842728
7340,3.6393054826199176
9777,30.385040451004382
1705,24.454691232412124
6390,15.572398401565266
7140,82.92257504982811
943,177.79678512493868
10539,41.582688455593896
7156,37.47140127909958
8788,45.23456253828059
3039,117.94263397291982
6838,21.115551183083863
4051,28.953833922504664
7867,49.15881266606769
1554,13.102863812814348
258,36.60896109965609
3767,481.9103755887008
4096,33.245571215623514
827,91.14857734982593
11029,48.2201228126204
4336,32.426860542734005
10300,82.37388692629713
5715,355.9699502125697
9469,48.255817897960206
3035,31.18169592974637
2981,38.767076597913885
6443,113.51360848206487
7425,72.96836693477668
4889,187.12143903103467
10615,45.61212114333975
3756,40.39069564749851
8081,74.05594969444778
7229,11.729771152905514
3227,72.10389360001976
9977,50.50805671640319
3460,575.5635262605688
6349,8.153623585734024
8719,56.08376022153319
6194,31.006703124065766
1848,100.89667048818914
7761,278.79772788979744
11251,26.055824071760327
1014,15.451379706521553
1862,43.40980063935189
8806,34.24991626487659
10799,35.21885397521828
7266,35.26937525780567
6890,28.415309900583313
4282,485.2554016720789
7877,44.75084103486139
6121,105.40835764545048
8004,41.66925751720892
10263,37.25570427441044
5462,25.88766956060082
5996,31.79148655152362
8787,47.46500560250208
2150,35.440544720538796
5220,17.016495444274458
856,76.6486439882296
6190,32.30491255499514
3879,22.851919129401413
6972,30.00963123617944
7753,43.22578209801221
5837,30.85984254248844
10860,59.600007032261374
4259,118.32019257797897
998,33.022154351594075
8272,408.9141102731847
1657,39.25674870808451
10169,180.4396953603528
7068,32.69303719902907
5652,13.759725212958447
10580,177.43581390465508
6336,16.63678744898108
2318,32.02903456610456
8894,78.46265480532048
4680,23.786609159558985
6142,47.72287979848272
3790,186.7438804259755
5376,23.754769692378453
5306,21.592106506678913
3083,37.95630556768253
6199,24.35681034899411
61,50.669047086304325
7795,45.128800253857264
8540,27.556991333270574
7379,128.41676680453116
2363,51.39112634137556
7040,8.507541156067166
7410,12.823243400670972
6703,30.08099738105934
3056,49.41477295294111
8860,31.403523397157308
10712,26.11873770226702
3478,51.8603868664825
1096,450.6192129686124
3477,72.21068608637384
830,22.636440289755818
9591,87.59094050388222
8785,58.9918364567687
5315,30.908106667800315
2718,53.20602058844052
9563,21.7595707214741
10479,45.767145538702515
10723,36.70149678843603
7252,76.9163494136632
5209,32.1085966199776
7448,24.870987032697823
892,30.538054641973787
5144,52.42672477407124
1156,68.14368127340677
2422,71.99277312429545
7173,71.42232036796608
4055,23.563137832261155
2601,37.357636918775604
7112,32.169045156582776
3480,49.60300594023833
10691,9.246413236418508
7280,18.9136395490943
1454,33.73382826280679
6265,105.05668874391696
4956,121.90127192613706
1289,43.71167041695985
8461,25.11192755911243
7938,26.6776479658968
8086,56.03933039090144
12196,222.5636284264582
6164,98.16190460547708
7302,44.56206173233181
1550,10.746671072845594
9544,47.387802939829065
4730,32.52319273010642
1380,56.726484826413746
10817,18.47184854699483
9069,238.30679509876933
449,108.100533580692
7547,31.62715357322059
6617,729.5330892988211
3643,20.284146452113223
5419,52.335022854023464
5488,44.844346232137326
7736,25.255291632150396
6582,36.9075829592391
531,48.555123368608
8976,99.10580111812499
8628,73.5355963958977
836,16.538808094111754
2111,40.82825386134067
5752,22.064959515494568
11877,19.038691715154833
9174,31.783183205832408
1306,26.258648804678742
5578,57.93339311531284
730,285.27356129052123
8727,34.138927758241934
10850,25.95043201652768
7486,20.174141085192506
9112,23.33646062931192
1113,28.310617513413224
508,26.20890062526299
2577,128.1135189683169
1984,27.340204735249827
3220,728.4004134836435
11625,38.98163569933622
2185,7.3762634788431924
1487,50.64076523186899
4747,15.006060493976527
8240,31.116999741736223
6070,278.2313899822087
6590,24.877733027091235
7531,15.949957006624427
5660,5.005931967037874
8061,24.722560528747586
4164,30.2935046348997
9577,70.34922545763109
4824,76.91127576611417
9130,34.94458493838973
1285,47.67636717845949
11790,10.340386739185305
6499,74.75218666599878
9108,34.65251606762954
11344,31.51986565641608
7538,60.39704978760719
8561,13.33318229117129
9381,103.53958072360325
10519,44.71587105699844
5109,52.02618743716474
6340,31.357663120408695
3341,18.34656490070263
6274,27.668498141294855
11292,30.333985221038965
3441,82.3307241515719
5136,127.66164959441286
6991,39.52575939313317
6113,85.32212810616033
3025,29.617187063374857
10019,39.09776720147554
9376,154.9126696101434
5640,44.52329500621511
8993,54.17522007535863
11664,98.22225163132606
2023,29.685248006358705
4638,19.248334719905586
8747,66.22615412682286
7692,34.92690798471629
2602,28.756920145959658
9621,122.00918315269524
6650,73.15458259902175
3484,26.72460162864696
3118,36.40579609958884
4476,34.325478745157774
773,64.72347042567738
6458,49.64449514006488
9205,453.0733439014969
9447,53.32385469868497
5782,35.93424915670338
5577,51.379138002244346
10808,26.234406991659885
10434,69.24254439764346
2124,19.30627312539099
4079,21.49862160790583
8147,25.290510479011985
3141,60.79053279067527
4029,389.7566446250348
1372,136.68134988669686
2239,215.11444100620668
10200,18.391347154560187
2789,32.57594373980417
8406,92.67968611682633
7842,27.084237055608796
2103,26.347043023587794
10097,44.10155189177555
6628,50.405568380860664
5102,24.23094467697122
8673,21.983160174879444
3615,40.09086470385036
5960,114.16221584271312
2780,55.87900827509272
10101,30.986909130936297
4989,84.94456950110118
1016,27.757537753301833
3623,14.628501888917366
2744,16.13195589270868
10207,13.57836061078929
4796,18.28510637412126
2899,62.86695263790459
2088,177.98556442746826
2689,40.95798071001829
4871,44.0681318159363
3482,30.305698455513532
4725,43.96884618190809
5499,27.876829056503254
3242,23.58328351505641
8249,483.42061000893744
4530,19.777119371134233
4546,38.00201064870902
10484,32.79570386624172
1872,38.95316556654919
853,88.74105309244567
8144,49.949378027712996
2155,31.164700107329697
7929,33.04621534194925
7530,43.802907696931925
2497,22.474360524342256
3791,204.0577368438707
1577,10.879051358286752
276,37.287377840503076
563,29.401824492748656
3427,59.09192382516224
7094,14.990656838110144
5188,43.49227784348225
1278,81.44474864680495
9302,44.84854057430971
9111,13.521961593700869
9519,28.123329240859313
4440,84.7557901985716
425,28.424360245017766
4676,7.587285678145285
10845,27.18099024210056
4198,30.12061076979276
6180,53.23132356271073
7598,55.70620161647403
4227,34.13669944262819
1656,48.603395189200064
3659,38.39308357795569
8405,93.41392898018088
9124,29.359743760789765
8027,29.92876840617128
10445,97.12498366934201
8011,24.417995488836404
3668,32.24029245009133
8718,56.896938330886975
5092,68.65021173486487
8738,13.335715850074962
5190,40.72536100456102
3985,4.439594059449135
3996,21.6960059822197
4422,192.52782175184032
3237,26.50333111627093
369,53.4110738525247
1276,101.74188712369993
5485,36.530024354179936
7780,33.9780754352289
10399,34.5164863633011
5497,22.359610814795857
2375,22.108830695761387
10643,30.171894273193526
8743,300.60826496286165
9592,84.59607578192686
10983,33.82460616516049
8103,21.19098630528748
4515,37.92397482636434
1701,22.152643858481447
4111,16.728048040405863
1443,43.01306058597847
4938,36.89768286388447
5224,9.93278060536596
4256,31.559254534805525
4192,35.268821503942924
7689,51.68878450586442
10669,45.69473754750929
10716,84.78485508445642
8314,28.335221132504117
5643,29.700816658607557
8360,73.72092050661048
10700,87.12432533901472
1181,30.80413732468721
6323,28.226530598053735
2293,33.57036153503945
3251,27.936068742725286
7670,17.95878478819011
11496,57.02765673418109
6753,0.7830041412568889
8224,77.85539804873066
10369,34.316864777916706
3218,30.725959984153363
11445,32.94860869092765
11150,127.62090522616168
3826,20.95780175641481
5730,25.508498912865996
9499,65.24501474238156
8228,72.08183109811506
5345,48.07151013745178
8044,36.6893663668217
10619,119.21279553291548
6562,408.3477723655959
8089,49.24934991115512
8152,39.903317998192335
9928,96.46480560324972
5294,216.05833751885456
2906,38.63395588379683
11305,246.82842526676652
9288,13.524495152604544
11620,62.32269767493582
8176,33.95014845571235
1486,72.8338620503886
6977,33.89739885751122
2759,19.49505242792057
7801,38.153870688827645
11623,46.92091855996271
3309,31.324086943628078
5097,33.63668907655054
7516,51.712060129758484
9565,17.6430449969682
8863,28.5240004350337
9345,32.38373906487514
8921,38.5314292938868
5010,86.90566476383643
4383,21.146581058944392
10251,12.335791653644108
3619,30.104725332370123
9273,35.859505979363625
6413,26.34778791719239
7949,179.87335745276405
10628,49.233114218719365
4370,39.342623037331634
9175,101.59505576792907
6197,30.730901670740955
1673,214.7368824011475
7744,29.039218458016048
9107,30.951366240789767
6202,20.43811560376704
1281,71.80399382176587
11288,36.890276090965614
7628,50.75718808033207
10375,40.469655905781075
9870,139.51303942464057
10045,77.67146662378151
501,20.928016609535376
10981,9.795851389137415
9377,149.0363376083818
11273,4.960760600326978
6254,269.4083913202519
6592,24.512054646669224
10320,32.1812976601955
8195,66.03737482429328
5463,408.0444462342583
9610,251.2932600897907
9530,91.57274263038937
8167,56.7081590283574
11731,29.23719124739
4897,92.54562230347956
5009,117.32500250761969
2344,54.499066539478285
9871,97.3137629718716
7336,38.945907161356914
7333,69.40532894498318
1490,45.401107453624654
1495,26.93595777550653
5,78.61536313642941
6474,33.35048968381162
6604,55.94154398136076
6004,61.62807918407846
12255,60.12451227194618
6185,44.18450312727265
4835,109.55969266581006
8534,32.004712178279746
9980,279.7416244024454
1893,22.507977992570243
10126,70.16044615510151
689,101.68170106697349
4529,19.871777696178302
4921,22.17083151226628
7368,409.0482205680357
5310,35.64638010900208
375,40.83745696496144
2874,15.153311980850539
1180,22.622093877200975
12190,30.549452878252687
4859,30.74159052691128
2582,100.66487401479702
7350,52.71733755969437
2965,22.718981766070186
1540,17.061235897567308
3089,26.1925763497458
1201,75.96737925346628
10282,25.288898436336325
8275,154.53511100508425
2573,17.54447778002145
12193,26.094784740632257
4052,26.913380931176533
2640,29.99133431507685
2007,18.29790855359769
986,239.11652644429535
9372,27.209124678307877
7056,44.09342336419139
6277,24.318255042379473
7079,105.78591625050963
11680,127.80968452869126
8842,74.06934545212084
10487,159.09775523320565
732,146.23449000825468
8962,27.461795660667956
11768,40.37810575924888
10028,111.44748569110585
7205,52.56873748856665
2644,16.161525097252806
2552,23.185579227201995
2230,29.727166727310962
4064,56.25656688015188
8098,31.614959752606758
5995,44.445690420995454
3143,32.3621232395808
9683,27.56016088983538
4785,49.078157232476144
2828,8.062189346041293
9025,19.564252452374227
2973,32.71412142287022
8876,31.93832846278491
11692,38.931762197161554
3187,43.97613854694063
551,40.50935315482275
9737,50.00446712127344
5425,40.95703355508725
1409,26.96264613019067
10771,20.270484040570164
2053,8.688811677653167
2449,20.580243151355653
4199,16.395781479740716
10680,25.779857375754876
7304,38.86787133901224
2469,160.1518189438782
11734,26.20604806767527
9555,36.75429710328006
8867,78.31350828444411
965,43.10840645357425
6801,409.322080376335
10955,28.028133568256695
4445,137.4364670968152
1881,26.555373938796198
6793,29.24744050774715
2241,58.69803606484098
370,66.07620078090744
2763,11.313008980434333
283,26.57000075546404
1241,481.344037681112
2073,27.737206087510515
711,29.712579259273788
1806,13.102863812814348
7653,97.43726398275128
3270,19.598011908802686
11905,12.19813223572092
10354,16.705074216742744
6667,110.12603057339881
1451,29.031887947974738
9641,86.83236252639699
10154,30.19133702039505
12102,55.51139246431228
11390,26.801819594365732
2866,24.82575887976902
3689,55.19792460812076
7601,36.95044634529722
6329,25.67075582186392
9728,92.42020489638392
8323,38.030358679061955
11046,63.43344302608939
8318,56.5078818889495
9167,59.03366912467263
8155,83.34972535106836
4994,137.62524639934477
4178,38.581862880485275
8441,46.10784692313589
8478,57.40904366767882
2342,73.4307315482917
8131,16.138736309154005
649,84.8103680751239
3738,154.8019627438052
7602,38.20446076319718
7922,75.09921368074356
737,124.54418216155118
2772,10.919905590001491
3976,29.975784460622634
3493,41.20581246639983
4597,49.98056454529749
2864,24.348763356598305
7267,26.895457753079217
103,41.00571761777878
161,37.3425108343287
4113,17.312719944042346
4461,86.71688546130684
6303,24.724172571423246
8261,35.11568728724586
11061,29.251783812255272
11172,115.86122956547933
11107,31.6812622211516
8470,9.207710924007827
5213,28.98487189352338
10194,43.28238479422521
2727,43.485965058633404
3328,95.92702956251463
6008,32.993198450322744
1682,31.390516914928945
4110,35.36791124911464
11521,94.37945965746427
4264,49.62451226515459
3904,50.81280009465561
8102,16.138736309154005
11189,65.62257334744072
3640,21.025768599090174
6597,21.90169826906271
2196,23.031491949440667
3086,29.33052642404899
9551,31.211051078844193
6892,13.498508041238512
8557,34.463736765099966
3882,49.60300594023833
2553,27.52898403777941
3931,29.13710086841144
3272,32.46784101499226
6100,65.09326127284058
3152,33.4244983257077
6269,34.586127628145924
6001,34.36057007712755
5276,63.6220698480229
527,89.71001249155572
1933,48.84788873012001
3340,24.7300859891023
10508,87.99151395021107
11408,38.21779991859476
7590,35.26937525780567
9100,53.083067562122075
12166,47.10969786249228
10334,34.316864777916706
10711,18.258963525405804
5524,143.78035907537014
4996,113.78465723765396
8875,40.58538092643182
927,20.10193594649468
5324,31.670730457151265
1546,19.227758157788067
2064,40.78894324974066
9327,77.46846523040341
7082,75.6905504218212
6166,71.17879797973188
5166,23.75252766466937
3908,40.39069564749851
9729,74.8110669045661
11203,19.74805623711461
8317,24.847562096646815
8982,95.21021668876118
7075,110.31480987592838
2338,10.219536732668878
1337,55.57950954703906
3660,25.20980844253044
8446,46.821465032240326
11301,578.2064364959829
7265,26.642786770719137
121,86.6487489123198
6842,16.837133818500664
9823,36.23706458442278
12109,21.184416529597414
7508,91.15883469430716
9087,35.954039569101
8180,19.417782189298737
3191,39.51950347413793
10015,45.75571555513463
9467,51.490798965534125
4008,85.51436817605685
2355,95.73825025998505
2980,38.20430427542611
1447,-0.06624191125602863
2292,25.65498943160214
8755,32.11797691654086
10946,40.84721451084023
6308,28.45341854009294
9231,25.7478572189622
5127,408.29310335791735
3937,24.942161005277256
12088,112.0138235986946
4014,41.3552811573294
1529,33.311129333686885
3688,52.34978848776843
5569,109.74847196833964
22,20.12561484217377
8797,32.06304564461834
11213,46.3176545965771
7284,92.21067419893828
9405,38.40791728412111
8807,45.38958693364336
5384,64.70642051720087
9268,57.08571763341656
9379,96.08724699819055
7417,15.179436140639726
589,48.786460720209135
8156,64.42403680849932
10782,18.158588936207725
3841,30.239314740018692
8652,16.327515611683587
6567,99.60512873914811
2198,56.341098176086575
10634,27.775462585896616
5002,51.190358699714764
4727,32.61785105515049
6609,42.84822349295305
3540,28.425429126451284
10784,17.420115073455367
4069,40.34780239950186
11430,42.65477615361694
2035,-0.7272302789797536
1511,219.10054191172512
47,30.248837351583084
6518,71.51549319052633
5008,30.873504644638498
5663,5.962720600129295
7555,31.663223877918632
10522,41.230416062627434
3906,52.679702926368584
8435,84.93279188926226
5624,83.98889537661435
525,26.356759431989193
702,56.3419324239242
2425,54.6200888636537
3933,27.906542642838566
11450,37.72295243682746
2110,43.29718575610382
3331,74.36909530411415
222,30.248837351583084
7981,21.493109788143023
11548,139.89059802969973
3707,32.40659317116372
575,98.0688801819899
6224,10.010266795360224
11145,39.4837089968137
10503,137.62886331217362
4179,32.429071752620914
9539,20.940818789011807
9303,46.188963907796406
10923,26.31419512655094
2036,30.726833944503365
9222,35.476285284478614
9419,29.67474152979935
8491,85.32729379461276
6407,31.249594968161432
11816,43.998191392743514
6790,31.300511705323665
6521,51.75669660730351
7578,34.29764600179668
5619,94.0775408735837
11436,61.71850490531425
2115,16.865006734516147
10702,70.53800476016066
3111,51.57990564390514
10796,42.613154029856815
7443,22.77012272172318
902,58.52558591757351
7873,44.4640585828879
3050,30.230183891245062
11978,46.42297711479262
4344,98.8500115290298
3313,75.40795979155166
11239,40.1893264567193
7262,39.18061415748549
2039,7.131138596182446
4816,32.51883281073049
2149,3.9324934725587326
10610,76.63444693446911
6427,26.15370495517834
9045,53.2836754672831
6341,25.958434694946497
3375,128.30229827084648
2383,42.15210545724559
3654,16.207002177211134
8347,36.995985273287715
5939,45.05628809261893
9805,84.34808377689393
63,47.42930204084294
1057,56.15231887355699
1778,66.41085485969977
6802,408.8594412655061
596,25.506858141293822
2881,35.38611038065106
7289,78.53643701352539
7850,28.335221132504117
2164,26.111147698223597
2459,19.46791231729337
483,36.992181794541104
11017,115.86122956547933
558,39.165857320136546
11025,54.222815879319256
2205,48.46313338910582
304,11.27143748904415
4360,55.18642677124244
9054,29.578868010920647
11994,35.596412580277445
3414,15.377693366613244
1004,20.743504397787508
10778,13.95591921584845
4449,104.84201973786173
12134,52.8316889394095
11337,58.71069781303642
3710,23.188431784789714
5030,29.5146594734706
5680,84.38339728196485
4261,83.88363580343984
12048,37.588847743411115
10012,63.96835321555906
906,7.00804293461961
324,27.565419295501908
2760,41.3083611273507
4943,220.01483916852962
9749,32.47417923767126
2507,10.219536732668878
9880,69.40897376679486
4286,137.4364670968152
8329,22.750024208401516
2803,28.793158920868905
6385,36.023938714061245
9789,107.27118389685207
8665,33.84464784781348
5957,101.37154838285224
1428,65.8859599339112
1095,33.674044630526375
1427,82.47866095637772
1858,71.6152145192363
10498,206.1343091716961
5005,43.91310742057354
6669,114.3509951452427
5437,264.51067732079616
5681,86.08070608364558
3306,36.64363626859101
6200,35.432841985573006
6014,204.812854053989
8636,55.66708091614338
4160,40.27964400637994
4125,17.248647935510252
3090,15.825114144467964
2358,75.20311360004845
7986,17.214692423559825
11869,45.757629473837206
9875,78.61051525884898
2961,23.67128489113682
6554,61.816858486608034
7603,35.293168071774886
7919,85.13851449208317
7500,62.50903302862562
2253,28.499396815942802
8946,88.22711988154349
3617,38.82273518632641
9846,66.4054342399671
1688,32.83337504906449
2177,24.06532572902466
212,44.40750789968595
11535,14.489474479535158
5788,24.914026569069936
833,33.38158223250988
12221,39.861267601872854
1702,10.879051358286752
10582,127.24334662110253
10728,30.145205918509387
2072,20.290715249024263
4320,33.06462646563701
10524,45.07968876537321
1368,484.5002844619606
7969,26.263616122984313
5017,57.627229118947795
3159,49.811220098936225
5523,262.0964922181143
10296,31.97196250836199
8116,44.24085725754524
1776,75.7785999509367
266,21.017269769307173
11641,31.205800134650428
2404,24.943773047952916
9999,34.9219719478768
5620,101.60877052744492
3812,42.63929872917306
8353,38.5398124841658
6671,105.59713694798006
1274,85.42973823038614
5589,63.734780322144914
11347,31.706483450908088
835,25.839163801857566
6231,83.27462066421978
7510,73.8671703919182
197,27.773850543220952
10676,33.81514697523178
9916,52.265351031820764
1400,22.44766098722624
4340,186.9326597285051
2328,63.76252400455297
705,79.11313225477875
6212,6.151499902658877
10425,46.37774321032599
12022,161.60517595459464
11564,46.178459050928495
7583,160.1691740080796
2335,30.04140458871548
2745,18.93363508408414
4153,66.06277872306426
7975,19.326587527922264
7103,269.4589741628837
6824,35.198922358982685
6055,40.261233337886836
9186,52.27839803734722
10584,66.41471639054764
1838,29.24054267475109
1388,85.58420964612938
10361,27.28638077035582
11142,38.03454011097968
95,10.529166041714884
9378,100.54902525179602
3163,19.730924093544555
10660,85.68790909938058
2330,49.05817435756585
1802,45.01087466961754
6012,408.15899306306636
2218,50.01304640699227
7152,43.77197454435054
9863,33.82571301420655
4295,71.39100977304382
6090,36.33552638821346
11012,103.07056210561846
2940,100.12306228506608
11424,57.17200620607892
7148,73.5030075445321
7043,32.50315104745343
503,34.39094407274922
7771,122.84516843878495
5967,71.32671388799675
8566,6.009065800384114
1239,267.7599604401175
7698,51.32145451917286
1521,71.45556887625553
5291,34.80672044570386
10349,38.6711477299438
5039,18.158522338975978
10854,25.666457041395486
7067,56.00930095971493
2025,25.47044389970433
10905,34.69442338297587
1853,81.25596934427537
4625,23.285319673658925
5464,187.38445080728582
1989,38.049550384983675
3783,49.99999940146581
3749,71.20223047051424
9605,30.38011632292463
4252,15.72554629814639
1917,34.825291967976824
5539,36.14674708568388
11263,7.850513625425094
3211,27.52898403777941
4575,25.54497215071932
11,50.25009012252404
4283,232.46182790020606
4315,264.13311871573706
7062,12.979240059298519
9252,39.67271959135262
456,50.56415441772449
2171,11.988273621001877
7943,409.6996389813942
12178,24.624962445150814
3936,26.04675691303394
2728,83.32561905316516
8345,57.656081874864434
11538,76.45120038876499
3747,75.58067220510762
7806,85.88846601374908
10804,14.088299501289608
8161,27.084237055608796
7324,8.830152318948667
1608,23.971742099097703
4375,23.966915824401404
3833,23.337327676410176
5465,204.62407475145943
9478,102.50422419802973
5859,29.63207263112028
8821,33.93709496297064
4927,29.60468989332622
10690,17.831824299497782
10889,41.27686611921095
6286,57.0116840902702
5558,46.93436278025315
6658,37.77631208376849
9655,33.84712833008766
2652,37.43567274112028
1106,31.579296217458523
2560,43.485965058633404
9864,44.46887291283852
10259,11.443015025602598
8512,577.2625399833349
11388,19.76685087692688
11070,155.47900751773216
8837,83.48891295741686
10121,16.93253349178523
9364,158.44303729380397
2327,64.14958179899749
9985,145.47937279813635
4825,74.18584875841003
8087,62.36540706094981
11235,47.76536154488822
3431,33.0703511689618
5543,355.7811709100401
5542,37.5959159715179
5458,27.363990786959477
2664,85.13680957099768
10592,28.801173956472333
7534,452.5070059939082
1873,42.24799922742952
3036,31.74964588001077
5443,33.11724044969911
7763,401.3369981414296
1429,51.11521782161792
5483,77.18083246926663
4913,44.65556692960775
10084,68.7176494718549
7561,15.949957006624427
7838,24.713012617581196
2830,26.29992700075318
5714,102.76940079654527
10609,77.65724453293299
1840,406.6487586428297
4675,23.589884713570108
9458,124.04921877018883
10402,36.833730533292794
7279,44.99619947887004
8740,33.06948895504217
10231,18.283574505036512
4484,29.285146411516074
10290,54.525602479696886
6028,74.17196439096287
5698,25.392152097465154
2098,52.55130264903885
8717,54.048802210534646
9937,87.28496079161638
10505,94.24463602624579
12257,46.36723835345807
706,55.390260425314366
11191,49.87253151746488
557,41.16555371068538
3011,20.095367149583645
4665,30.791325212819956
1410,28.152470596338595
3151,31.75542647327357
6509,138.19158430693352
4385,29.415910590796642
3729,157.96332013929737
8207,159.47355455953402
11934,59.55034631908943
11615,84.6539967898078
5042,70.80123937467272
2801,25.78715457722916
7899,32.61462696979916
10822,35.51092284597847
7584,113.96539956084564
9743,42.356216334205314
7483,28.043547048749236
812,19.657798510956326
3856,121.52371332107789
9103,42.046816122268076
10530,42.755727832702284
8587,11.065456420543441
7934,29.62499911280631
6854,42.80213958790499
11461,18.84991241262525
10745,180.81725396541196
218,32.98984201695733
7940,577.0737606808054
1381,50.24646218706687
10586,63.77957391302948
6948,21.526428595831174
2819,27.283171432964387
5383,65.09347831164538
4123,19.041465270015028
11582,35.19381277752449
11007,34.014492316736124
8977,130.19009129614227
2076,24.259476282287675
9474,86.45480392133783
1431,46.89346103571273
7357,32.857436039419675
639,28.341800493485355
9633,32.57105008586849
6252,408.6706619629765
2290,47.127613624803885
2129,71.26935321201047
7337,4.65335793453373
4412,56.33462675715737
6408,21.969665111738074
5583,31.062283947168076
694,731.6838941003681
306,27.7473281496893
11319,54.503297101896614
2420,84.64205055620226
9739,51.62386402967334
9456,194.22683547460653
5440,101.79198734712176
8679,32.04078248297779
7559,25.18151931137346
7605,30.718077403923658
5943,24.091407801634237
6401,33.18418896273923
7896,2.934199411186789
269,21.876435017358943
3140,101.03687013700343
1100,58.509256762311395
7852,26.263616122984313
2128,239.30530574682493
1671,450.4304336660828
1890,26.96264613019067
10641,25.828489462616112
5312,33.33106094992249
8053,9.264056504138992
11603,189.38679066138963
1625,16.304751422862353
10506,83.86647156247602
11188,78.84743178681924
7041,12.769377942486223
6351,24.352947067147724
3405,29.78700515809306
865,51.30399712414749
1901,281.4979752399297
313,18.71335977680646
5955,233.02816580779478
9769,23.291120229445134
52,96.34289250393866
8661,46.12752024831527
1030,24.728471351891685
2678,19.614517468361548
7036,35.514796565290325
7391,28.046056746354015
6074,262.28527152064385
8919,28.423615351413176
322,10.230195913559402
8765,33.25937510661781
2353,113.02954002753565
9970,31.492482918622017
6668,138.19158430693352
4258,299.098030542625
11559,54.41159518184884
484,23.3046152925865
10856,25.863181487384363
9509,27.586683283367037
11014,139.70181872717015
10221,42.01581273545596
4291,104.84201973786173
2310,32.34633040554876
11921,10.585511621846052
1804,39.63557843738019
11685,52.245916175652454
1684,40.91434656260919
5078,20.06055699870788
485,32.417091126689876
9221,30.76474844629776
8095,21.903987200890334
6152,18.049042514348393
11852,33.137387993457224
7146,60.51403121158695
4604,23.751917134790734
1666,29.45371039719798
7057,33.27395002084881
7374,221.1771142395505
2645,18.586112493097247
10228,33.65834902755808
11651,30.429858739917666
1810,21.731272090702227
9183,69.99135840298176
2042,17.29890082201927
4932,23.39741259204047
911,15.21071584526183
7533,35.561837655822174
7855,19.102418851623877
4924,23.932217657668073
9944,46.43026947982517
8641,41.71087964096905
5766,28.227067945612287
7835,48.28921770607146
5851,32.99540966020965
3312,63.24692247905843
11127,145.66815210066594
4753,38.77064218301486
10171,121.82040385016568
8229,68.65385655667654
3771,32.87584716310743
476,55.370257328241706
26,26.39482737020485
8067,58.228891201382375
9622,129.36066331717907
10930,33.558523482447065
6750,14.137283818017604
7888,36.590276621649984
10360,40.469655905781075
5546,122.72776365248177
7203,36.61842666822855
1913,55.39073024450948
8615,25.108064277266045
5602,27.160618919564627
4934,44.54247645452937
1932,42.73524671466136
11015,98.56993979792875
4951,143.59157977284056
307,38.19960078705834
9455,357.10262602774714
10558,263.60672663835095
4534,7.16984090859313
8668,43.36847749549372
5160,23.418257036990152
3901,75.58067220510762
11196,40.50206927519255
3304,26.535822326117376
3715,91.73654942205016
4914,40.14932874323951
9639,28.123329240859313
9540,46.67418483072463
9771,35.85384388953777
7190,262.66283012570307
10157,26.71360721517221
352,55.46949899234479
362,92.85784841707337
4424,122.3502050474226
9137,11.25423572307302
1362,36.266077663531846
229,50.21480044757852
6641,37.65252298554645
9330,72.45938970317422
8239,18.147564090719687
4650,25.67236786453958
5098,8.140718749797088
2992,112.38093266688739
5742,40.9141403070906
7131,187.87655624115297
807,53.833268935128885
9120,29.39731505274084
10890,37.53417313429788
9039,17.66484677814637
7344,17.09850887055763
11233,45.59673439806538
5988,264.6994566233258
11400,9.852637308500242
791,19.341204035711538
12232,55.760550792041705
10668,54.32446596462077
8301,44.513350857784474
12254,53.6444896325993
12231,52.43469547818203
6578,74.36074369349245
11229,21.318377394070964
9457,177.2470346021255
446,24.63116906700363
12015,50.375375115194906
10284,26.621522782854008
9026,86.55798743142599
3581,23.212326108510947
10444,115.48367096042018
2296,16.727587396641336
785,98.31372841850862
118,10.232354090048378
3044,49.246953660095436
7876,34.10338775815604
4781,52.636893471907165
8013,22.958902024252758
7107,102.35832525471051
545,17.19635471880978
6425,22.39256411666402
1103,31.673954542502592
7405,16.303778348696643
303,15.386301066534312
8904,38.40764019566477
4752,31.481951154621683
8451,45.46719151886301
9251,34.03342715034306
11699,103.25934140814805
6657,47.31192138531231
8741,9.040734179019097
6526,41.334592160146414
4260,91.92532872457973
5051,52.43667293932497
10645,28.312108543388895
9306,20.563260183952647
10674,42.04381171623656
2994,62.725023085733106
208,58.412503434461286
1960,15.88221246036473
11095,45.45724737043237
4678,23.786609159558985
8703,6.009065800384114
10368,49.620257905076585
9814,70.97537081135047
2891,75.11424120123303
6064,30.994431950137013
900,67.51753591968739
1159,54.63158670053202
11977,61.90728420784383
11823,23.49996339202712
781,39.30932080222071
5393,19.241805066245586
8689,26.90882216529666
7255,62.52840195018494
2571,34.078129697500216
9679,35.32214354344889
5725,29.520171830093407
2794,21.25988830148654
5811,61.197931482058664
926,27.124737078036112
5442,33.44218507069617
7264,31.317115002576468
9601,32.43318752050114
7398,44.99619947887004
9143,30.783322534401147
2835,16.350489435346702
5135,120.31016942992903
10440,156.8785350716306
11975,218.3236891492095
4869,33.25340576816659
9525,99.48335972318415
1787,136.4925705841673
3768,42.52966406230475
245,14.129153733004348
9817,57.463276238475714
9799,32.351134424947986
7568,42.36497179689663
10187,31.024893893707237
1176,11.070364219720005
3692,25.294809259480424
1745,84.76444515469609
11082,74.82446266223914
2841,24.538080006686442
6692,92.84759107259214
923,46.783539057548964
11569,20.995637227067835
10165,246.26208735917777
5320,16.773340084799873
7701,33.55953635791148
9462,74.09847911166963
11010,234.72717953056102
1714,31.48517523997301
10521,41.848342466005725
1854,85.15982441226737
757,60.00529462885835
8565,25.479289781541567
2920,90.44485191094422
7717,87.23639674009274
7523,41.41231982155742
4945,21.617348393224038
5521,400.5818809313113
4555,-9.469439924309846
7149,77.74717037685537
5829,50.1136296094367
3993,55.89880924744218
11887,26.38122145293446
8810,52.066343110923576
8823,27.020345375778298
7830,77.71475597164175
1703,20.6935503938978
10688,21.94835002400368
4715,30.486370698332976
6045,22.54839011732544
8438,52.396310939370395
7222,54.527475706147584
8348,34.166854737758484
8415,30.64733528864808
3186,44.08922902201901
9047,43.05429488009562
7509,76.62447562146966
6131,17.39244688060137
4653,12.743390831120195
140,49.176693504216246
2043,84.29263580107103
6356,53.39292666451941
10163,409.803337778154
4991,232.65060720273564
6306,29.36932563909918
4582,244.56307363641156
6563,187.6877769386234
541,57.89709398501073
11160,21.70224233006542
9146,18.42706176317208
10830,14.819963158945573
518,49.516531699937836
7529,31.430267210980876
6255,245.12941154400028
12189,31.394579437180006
1476,6.819263632090028
1906,141.2883889194564
10367,50.515715935301735
3219,207.5352837439123
10038,54.94505455672354
3298,61.514222282674524
7290,67.96253226173658
1101,43.02494966926019
11423,68.51690965594878
2643,7.2458033682103675
9757,184.2282988784049
584,54.789153786908
8648,31.80373905513634
5921,32.125592442394264
3864,32.65662031752184
7702,21.315390987502816
6566,148.0924410957339
10710,11.520501215596862
8522,121.44284524510651
5593,47.53410049595314
10313,51.43508472714376
8762,75.50730387611709
249,242.70333319235735
9329,73.09002349581004
9386,87.80273464768149
11411,63.085724507354456
9617,238.6843537038285
5327,105.57217017408585
5439,43.096001969893486
2600,39.40090148082245
10236,20.073373256659274
6179,45.35272971301757
4959,63.42111692930472
5329,84.08742606553072
9388,86.90740218655722
6916,24.541726369677306
10562,144.1200784574001
7423,396.04952505632076
8279,137.0625254045849
11799,40.456141581593556
3576,25.0145381822986
9510,36.213271770453574
4242,29.58540158874618
1005,17.430463021245156
11658,284.8960026854621
6305,36.76199983824585
11632,24.436183142621235
5900,34.70303735021693
1489,40.4113846446815
10143,53.472454769812686
8782,68.84263585920613
1491,33.418016171711564
2144,11.256609963345912
7242,72.33490628569172
11631,26.21106836943544
4639,16.395276219169453
7269,18.426601119407554
